image,class
193298868.jpg,_@ejemplo_
180043630.jpg,_@ejemplo_
180043573.jpg,_@ejemplo_
199501868.jpg,_@ejemplo_
147033432.jpg,_@ejemplo_
201210531.jpg,_@ejemplo_
136400760.jpg,_@ejemplo_
192802740.jpg,_@ejemplo_
198599485.jpg,_@ejemplo_
181300138.jpg,_@ejemplo_
200453538.jpg,_@ejemplo_
191556522.jpg,_@ejemplo_
156909285.jpg,_@ejemplo_
175590017.jpg,_@ejemplo_
180019867.jpg,_@ejemplo_
154531288.jpg,_@ejemplo_
162974525.jpg,_@ejemplo_
119304818.jpg,_@ejemplo_
180019726.jpg,_@ejemplo_
200447992.jpg,_@ejemplo_
127046656.jpg,_@ejemplo_
176025504.jpg,_@ejemplo_
186858576.jpg,_@ejemplo_
179921280.jpg,_@ejemplo_
153382404.jpg,_@ejemplo_
115058886.jpg,_@ejemplo_
180317154.jpg,_@ejemplo_
163118388.jpg,_@ejemplo_
184466699.jpg,_@ejemplo_
199502339.jpg,_@ejemplo_
198120681.jpg,_@ejemplo_
120451823.jpg,_@ejemplo_
186711171.jpg,_@ejemplo_
197161179.jpg,_@ejemplo_
180043506.jpg,_@ejemplo_
178437111.jpg,_@ejemplo_
147085761.jpg,_@ejemplo_
200449975.jpg,_@ejemplo_
194647852.jpg,_@ejemplo_
179921269.jpg,_@ejemplo_
200453904.jpg,_@ejemplo_
180018846.jpg,_@ejemplo_
119197869.jpg,_@ejemplo_
180069957.jpg,_@ejemplo_
197359642.jpg,_@ejemplo_
197159928.jpg,_@ejemplo_
180319851.jpg,_@ejemplo_
180082202.jpg,_@ejemplo_
130662278.jpg,_@ejemplo_
200453534.jpg,_@ejemplo_
180018841.jpg,_@ejemplo_
200448191.jpg,_@ejemplo_
200453508.jpg,_@ejemplo_
128659213.jpg,_@ejemplo_
142855170.jpg,_@ejemplo_
128155835.jpg,_@ejemplo_
153129312.jpg,_@ejemplo_
184470400.jpg,_@ejemplo_
165886588.jpg,_@ejemplo_
196531255.jpg,_@ejemplo_
198518593.jpg,_@ejemplo_
136391683.jpg,_@ejemplo_
164203308.jpg,_@ejemplo_
201394967.jpg,_@ejemplo_
171951953.jpg,_@ejemplo_
198120683.jpg,_@ejemplo_
179115364.jpg,_@ejemplo_
164614594.jpg,_@ejemplo_
180019747.jpg,_@ejemplo_
164203309.jpg,_@ejemplo_
200453427.jpg,_@ejemplo_
193335282.jpg,_@ejemplo_
124817400.jpg,_@ejemplo_
190727998.jpg,_@ejemplo_
131457753.jpg,_@ejemplo_
180064114.jpg,_@ejemplo_
180084472.jpg,_@ejemplo_
181556442.jpg,_@ejemplo_
187663789.jpg,_@ejemplo_
175620338.jpg,_@ejemplo_
135033695.jpg,_@ejemplo_
124014451.jpg,_@ejemplo_
200985578.jpg,_@ejemplo_
160782594.jpg,_@ejemplo_
144877910.jpg,_@ejemplo_
46168104.jpg,_@ejemplo_
198599466.jpg,_@ejemplo_
171951952.jpg,_@ejemplo_
164203151.jpg,_@ejemplo_
197203962.jpg,_@ejemplo_
192023363.jpg,_@ejemplo_
179115867.jpg,_@ejemplo_
198729033.jpg,_@ejemplo_
199445493.jpg,_@ejemplo_
201210671.jpg,_@ejemplo_
168938837.jpg,_@ejemplo_
186711202.jpg,_@ejemplo_
201210722.jpg,_@ejemplo_
200453647.jpg,_@ejemplo_
199502944.jpg,_@ejemplo_
125169792.jpg,_@ejemplo_
198599467.jpg,_@ejemplo_
180018589.jpg,_@ejemplo_
180019771.jpg,_@ejemplo_
199501985.jpg,_@ejemplo_
199501983.jpg,_@ejemplo_
122456371.jpg,_@ejemplo_
156774697.jpg,_@ejemplo_
190728030.jpg,_@ejemplo_
201210740.jpg,_@ejemplo_
196438752.jpg,_@ejemplo_
123031834.jpg,_@ejemplo_
120896215.jpg,_@ejemplo_
180850210.jpg,_@ejemplo_
180084540.jpg,_@ejemplo_
144598359.jpg,_@ejemplo_
199502978.jpg,_@ejemplo_
164609688.jpg,_@ejemplo_
162947455.jpg,_@ejemplo_
180043607.jpg,_@ejemplo_
201395298.jpg,_@ejemplo_
199501879.jpg,_@ejemplo_
197296875.jpg,_@ejemplo_
198729046.jpg,_@ejemplo_
175508548.jpg,_@ejemplo_
120426581.jpg,_@ejemplo_
184468939.jpg,_@ejemplo_
180019317.jpg,_@ejemplo_
178700496.jpg,_@ejemplo_
123840661.jpg,_@ejemplo_
186905085.jpg,_@ejemplo_
198519103.jpg,_@ejemplo_
198600489.jpg,_@ejemplo_
152904068.jpg,_@ejemplo_
134798604.jpg,_@ejemplo_
190728035.jpg,_@ejemplo_
199501488.jpg,_@ejemplo_
192322871.jpg,_@ejemplo_
200447440.jpg,_@ejemplo_
180043572.jpg,_@ejemplo_
185872200.jpg,_@ejemplo_
171584845.jpg,_@ejemplo_
128436446.jpg,_@ejemplo_
168938338.jpg,_@ejemplo_
200450036.jpg,_@ejemplo_
200453901.jpg,_@ejemplo_
194410161.jpg,_@ejemplo_
201394226.jpg,_@ejemplo_
176022485.jpg,_@ejemplo_
122918197.jpg,_@ejemplo_
197161370.jpg,_@ejemplo_
167996261.jpg,_@ejemplo_
180084600.jpg,_@ejemplo_
131506877.jpg,_@ejemplo_
166013853.jpg,_@ejemplo_
200447312.jpg,_@ejemplo_
156418779.jpg,_@ejemplo_
131639694.jpg,_@ejemplo_
180084599.jpg,_@ejemplo_
191466510.jpg,_@ejemplo_
192802780.jpg,_@ejemplo_
135509780.jpg,_@ejemplo_
139547385.jpg,_@ejemplo_
199501771.jpg,_@ejemplo_
186865458.jpg,_@ejemplo_
199501880.jpg,_@ejemplo_
135033503.jpg,_@ejemplo_
198120729.jpg,_@ejemplo_
168872487.jpg,_@ejemplo_
128080062.jpg,_@ejemplo_
180018598.jpg,_@ejemplo_
174004794.jpg,_@ejemplo_
174428105.jpg,_@ejemplo_
144877904.jpg,_@ejemplo_
165779768.jpg,_@ejemplo_
200447638.jpg,_@ejemplo_
180019778.jpg,_@ejemplo_
201394252.jpg,_@ejemplo_
200443234.jpg,_@ejemplo_
181587251.jpg,_@ejemplo_
163949233.jpg,_@ejemplo_
168259405.jpg,_@ejemplo_
156030032.jpg,_@ejemplo_
175508402.jpg,_@ejemplo_
198518594.jpg,_@ejemplo_
164755969.jpg,_@ejemplo_
168756722.jpg,_@ejemplo_
182687890.jpg,_@ejemplo_
153129147.jpg,_@ejemplo_
198729045.jpg,_@ejemplo_
199501534.jpg,_@ejemplo_
180032079.jpg,_@ejemplo_
199094922.jpg,_@ejemplo_
201392976.jpg,_@ejemplo_
200453899.jpg,_@ejemplo_
174481069.jpg,_@ejemplo_
168938760.jpg,_@ejemplo_
165887092.jpg,_@ejemplo_
180084703.jpg,_@ejemplo_
131639670.jpg,_@ejemplo_
159053884.jpg,_@ejemplo_
171195588.jpg,_@ejemplo_
184427287.jpg,_@ejemplo_
199501889.jpg,_@ejemplo_
115060895.jpg,_@ejemplo_
201004467.jpg,_@ejemplo_
184428237.jpg,_@ejemplo_
154377036.jpg,_@ejemplo_
200447742.jpg,_@ejemplo_
186866363.jpg,_@ejemplo_
200447322.jpg,_@ejemplo_
148731768.jpg,_@ejemplo_
201394221.jpg,_@ejemplo_
160890930.jpg,_@ejemplo_
200450889.jpg,_@ejemplo_
134426981.jpg,_@ejemplo_
160181990.jpg,_@ejemplo_
179001183.jpg,_@ejemplo_
200447984.jpg,_@ejemplo_
197296870.jpg,_@ejemplo_
168294082.jpg,_@ejemplo_
180084460.jpg,_@ejemplo_
198519080.jpg,_@ejemplo_
194646804.jpg,_@ejemplo_
134506135.jpg,_@ejemplo_
186858108.jpg,_@ejemplo_
199501487.jpg,_@ejemplo_
176021892.jpg,_@ejemplo_
200451245.jpg,_@ejemplo_
198729044.jpg,_@ejemplo_
184462372.jpg,_@ejemplo_
201497365.jpg,_@ejemplo_
200452508.jpg,_@ejemplo_
175508375.jpg,_@ejemplo_
199501884.jpg,_@ejemplo_
154137103.jpg,_@ejemplo_
152904063.jpg,_@ejemplo_
128436452.jpg,_@ejemplo_
162497098.jpg,_@ejemplo_
201210696.jpg,_@ejemplo_
198182434.jpg,_@ejemplo_
197159907.jpg,_@ejemplo_
198182446.jpg,_@ejemplo_
192821559.jpg,_@ejemplo_
198518599.jpg,_@ejemplo_
198519096.jpg,_@ejemplo_
200453535.jpg,_@ejemplo_
200447978.jpg,_@ejemplo_
102138942.jpg,_@ejemplo_
199501499.jpg,_@ejemplo_
131457933.jpg,_@ejemplo_
186865645.jpg,_@ejemplo_
184427296.jpg,_@ejemplo_
198601723.jpg,_@ejemplo_
134906467.jpg,_@ejemplo_
199501516.jpg,_@ejemplo_
186863850.jpg,_@ejemplo_
179397349.jpg,_@ejemplo_
160691903.jpg,_@ejemplo_
186866367.jpg,_@ejemplo_
127672005.jpg,_@ejemplo_
201199439.jpg,_@ejemplo_
181556434.jpg,_@ejemplo_
144877908.jpg,_@ejemplo_
175508389.jpg,_@ejemplo_
174427230.jpg,_@ejemplo_
167995701.jpg,_@ejemplo_
160779593.jpg,_@ejemplo_
175620055.jpg,_@ejemplo_
197294453.jpg,_@ejemplo_
178437577.jpg,_@ejemplo_
197294408.jpg,_@ejemplo_
182672676.jpg,_@ejemplo_
180019791.jpg,_@ejemplo_
180019848.jpg,_@ejemplo_
180084468.jpg,_@ejemplo_
199479805.jpg,_@ejemplo_
201355498.jpg,_@ejemplo_
199071931.jpg,_@ejemplo_
199477190.jpg,_@ejemplo_
180064095.jpg,_@ejemplo_
162339805.jpg,_@ejemplo_
175590292.jpg,_@ejemplo_
120896221.jpg,_@ejemplo_
180084542.jpg,_@ejemplo_
180019790.jpg,_@ejemplo_
200453669.jpg,_@ejemplo_
174486015.jpg,_@ejemplo_
190728032.jpg,_@ejemplo_
134798598.jpg,_@ejemplo_
157337829.jpg,_@ejemplo_
180019746.jpg,_@ejemplo_
181885187.jpg,_@ejemplo_
173179011.jpg,_@ejemplo_
178437955.jpg,_@ejemplo_
122629208.jpg,_@ejemplo_
199502292.jpg,_@ejemplo_
197161355.jpg,_@ejemplo_
157515163.jpg,_@ejemplo_
180850429.jpg,_@ejemplo_
134906065.jpg,_@ejemplo_
176084198.jpg,_@ejemplo_
192802722.jpg,_@ejemplo_
180084382.jpg,_@ejemplo_
198519095.jpg,_@ejemplo_
175514104.jpg,_@ejemplo_
198109721.jpg,_@ejemplo_
197294474.jpg,_@ejemplo_
199501896.jpg,_@ejemplo_
174486553.jpg,_@ejemplo_
180064101.jpg,_@ejemplo_
197296851.jpg,_@ejemplo_
191466550.jpg,_@ejemplo_
186858563.jpg,_@ejemplo_
196712162.jpg,_@ejemplo_
171653364.jpg,_@ejemplo_
193457655.jpg,_@ejemplo_
198448522.jpg,_@ejemplo_
180069895.jpg,_@ejemplo_
198120730.jpg,_@ejemplo_
180018593.jpg,_@ejemplo_
180317156.jpg,_@ejemplo_
122456383.jpg,_@ejemplo_
112151595.jpg,_@ejemplo_
131639664.jpg,_@ejemplo_
198120684.jpg,_@ejemplo_
165884249.jpg,_@ejemplo_
124013350.jpg,_@ejemplo_
174618715.jpg,_@ejemplo_
134507016.jpg,_@ejemplo_
160787370.jpg,_@ejemplo_
128436537.jpg,_@ejemplo_
192802808.jpg,_@ejemplo_
201210688.jpg,_@ejemplo_
119303952.jpg,_@ejemplo_
118604719.jpg,_@ejemplo_
200453418.jpg,_@ejemplo_
199502331.jpg,_@ejemplo_
178260460.jpg,_@ejemplo_
168302097.jpg,_@ejemplo_
180586625.jpg,_@ejemplo_
180043625.jpg,_@ejemplo_
176083171.jpg,_@ejemplo_
190728077.jpg,_@ejemplo_
124541511.jpg,_@ejemplo_
180064107.jpg,_@ejemplo_
180019184.jpg,_@ejemplo_
201215702.jpg,_@ejemplo_
192805924.jpg,_@ejemplo_
180032090.jpg,_@ejemplo_
173031052.jpg,_@ejemplo_
134944835.jpg,_@ejemplo_
199445491.jpg,_@ejemplo_
180043626.jpg,_@ejemplo_
200451301.jpg,_@ejemplo_
134506112.jpg,_@ejemplo_
160788997.jpg,_@ejemplo_
200452636.jpg,_@ejemplo_
194903124.jpg,_@ejemplo_
175590291.jpg,_@ejemplo_
180018578.jpg,_@ejemplo_
120450835.jpg,_@ejemplo_
200447635.jpg,_@ejemplo_
201395299.jpg,_@ejemplo_
181556443.jpg,_@ejemplo_
197103663.jpg,_@ejemplo_
163407566.jpg,_@ejemplo_
191759254.jpg,_@ejemplo_
141479680.jpg,_@ejemplo_
176025646.jpg,_@ejemplo_
200447991.jpg,_@ejemplo_
180069948.jpg,_@ejemplo_
193948096.jpg,_@ejemplo_
197296888.jpg,_@ejemplo_
149298512.jpg,_@ejemplo_
198729013.jpg,_@ejemplo_
190095693.jpg,_@ejemplo_
182605064.jpg,_@ejemplo_
115061781.jpg,_@ejemplo_
200451402.jpg,_@ejemplo_
163419541.jpg,_@ejemplo_
180043604.jpg,_@ejemplo_
174486419.jpg,_@ejemplo_
201394236.jpg,_@ejemplo_
178437534.jpg,_@ejemplo_
197296859.jpg,_@ejemplo_
197717463.jpg,_@ejemplo_
115048539.jpg,_@ejemplo_
186951068.jpg,_@ejemplo_
192612962.jpg,_@ejemplo_
196662441.jpg,_@ejemplo_
196457564.jpg,_@ejemplo_
123840909.jpg,_@ejemplo_
121825883.jpg,_@ejemplo_
153888416.jpg,_@ejemplo_
176022062.jpg,_@ejemplo_
200453425.jpg,_@ejemplo_
180032078.jpg,_@ejemplo_
201210749.jpg,_@ejemplo_
157423818.jpg,_@ejemplo_
120426548.jpg,_@ejemplo_
180018611.jpg,_@ejemplo_
200450246.jpg,_@ejemplo_
199502280.jpg,_@ejemplo_
183275034.jpg,_@ejemplo_
180043608.jpg,_@ejemplo_
178437574.jpg,_@ejemplo_
180032094.jpg,_@ejemplo_
170868241.jpg,_@ejemplo_
160890296.jpg,_@ejemplo_
181556452.jpg,_@ejemplo_
198599739.jpg,_@ejemplo_
132392030.jpg,_@ejemplo_
174481076.jpg,_@ejemplo_
135117743.jpg,_@ejemplo_
197359795.jpg,_@ejemplo_
160782064.jpg,_@ejemplo_
184467271.jpg,_@ejemplo_
180032183.jpg,_@ejemplo_
194410160.jpg,_@ejemplo_
190741787.jpg,_@ejemplo_
193948081.jpg,_@ejemplo_
179113606.jpg,_@ejemplo_
174505719.jpg,_@ejemplo_
198729014.jpg,_@ejemplo_
178438047.jpg,_@ejemplo_
176022543.jpg,_@ejemplo_
180019755.jpg,_@ejemplo_
200448018.jpg,_@ejemplo_
147155879.jpg,_@ejemplo_
197203831.jpg,_@ejemplo_
153887789.jpg,_@ejemplo_
184427419.jpg,_@ejemplo_
198519086.jpg,_@ejemplo_
105580994.jpg,_@ejemplo_
164614322.jpg,_@ejemplo_
162590656.jpg,_@ejemplo_
198245108.jpg,_@ejemplo_
174562347.jpg,_@ejemplo_
201210690.jpg,_@ejemplo_
132392028.jpg,_@ejemplo_
142084833.jpg,_@ejemplo_
121659423.jpg,_@ejemplo_
160788830.jpg,_@ejemplo_
197159814.jpg,_@ejemplo_
200451908.jpg,_@ejemplo_
154137021.jpg,_@ejemplo_
118635863.jpg,_@ejemplo_
181556470.jpg,_@ejemplo_
192158910.jpg,_@ejemplo_
180019777.jpg,_@ejemplo_
105670247.jpg,_@ejemplo_
180064100.jpg,_@ejemplo_
180018586.jpg,_@ejemplo_
200453641.jpg,_@ejemplo_
201394245.jpg,_@ejemplo_
157045911.jpg,_@ejemplo_
198120733.jpg,_@ejemplo_
186859040.jpg,_@ejemplo_
200453428.jpg,_@ejemplo_
178437567.jpg,_@ejemplo_
131457350.jpg,_@ejemplo_
128079530.jpg,_@ejemplo_
129359171.jpg,_@ejemplo_
134944929.jpg,_@ejemplo_
190728081.jpg,_@ejemplo_
180082200.jpg,_@ejemplo_
200452204.jpg,_@ejemplo_
200449298.jpg,_@ejemplo_
201394227.jpg,_@ejemplo_
134425054.jpg,_@ejemplo_
197161360.jpg,_@ejemplo_
192653067.jpg,_@ejemplo_
201210535.jpg,_@ejemplo_
173354250.jpg,_@ejemplo_
191532499.jpg,_@ejemplo_
162973762.jpg,_@ejemplo_
174662172.jpg,_@ejemplo_
191675681.jpg,_@ejemplo_
180931809.jpg,_@ejemplo_
180032080.jpg,_@ejemplo_
200447308.jpg,_@ejemplo_
131790332.jpg,_@ejemplo_
180034745.jpg,_@ejemplo_
105581009.jpg,_@ejemplo_
198121755.jpg,_@ejemplo_
184467229.jpg,_@ejemplo_
171195128.jpg,_@ejemplo_
178437559.jpg,_@ejemplo_
166013860.jpg,_@ejemplo_
184465890.jpg,_@ejemplo_
180069966.jpg,_@ejemplo_
171585132.jpg,_@ejemplo_
173251229.jpg,_@ejemplo_
168938322.jpg,_@ejemplo_
184428233.jpg,_@ejemplo_
201210699.jpg,_@ejemplo_
180043592.jpg,_@ejemplo_
134506051.jpg,_@ejemplo_
199501987.jpg,_@ejemplo_
196323488.jpg,_@ejemplo_
199445494.jpg,_@ejemplo_
197101427.jpg,_@ejemplo_
153999725.jpg,_@ejemplo_
199501509.jpg,_@ejemplo_
131639639.jpg,_@ejemplo_
192802866.jpg,_@ejemplo_
201395012.jpg,_@ejemplo_
162494999.jpg,_@ejemplo_
186866455.jpg,_@ejemplo_
122918201.jpg,_@ejemplo_
201210702.jpg,_@ejemplo_
122257336.jpg,_@ejemplo_
190727893.jpg,_@ejemplo_
197296569.jpg,_@ejemplo_
137212890.jpg,_@ejemplo_
192802782.jpg,_@ejemplo_
200449973.jpg,_@ejemplo_
132968116.jpg,_@ejemplo_
164755948.jpg,_@ejemplo_
129039929.jpg,_@ejemplo_
181041900.jpg,_@ejemplo_
190728020.jpg,_@ejemplo_
200448023.jpg,_@ejemplo_
201210715.jpg,_@ejemplo_
180931952.jpg,_@ejemplo_
168082481.jpg,_@ejemplo_
122575026.jpg,_@ejemplo_
192613483.jpg,_@ejemplo_
199501984.jpg,_@ejemplo_
122916374.jpg,_@ejemplo_
105580999.jpg,_@ejemplo_
134506116.jpg,_@ejemplo_
147835208.jpg,_@ejemplo_
192802738.jpg,_@ejemplo_
201210716.jpg,_@ejemplo_
119304482.jpg,_@ejemplo_
105580996.jpg,_@ejemplo_
159665812.jpg,_@ejemplo_
198120476.jpg,_@ejemplo_
199502947.jpg,_@ejemplo_
200447313.jpg,_@ejemplo_
198383297.jpg,_@ejemplo_
174428230.jpg,_@ejemplo_
197294211.jpg,_@ejemplo_
162495048.jpg,_@ejemplo_
181556459.jpg,_@ejemplo_
178437569.jpg,_@ejemplo_
200447646.jpg,_@ejemplo_
198182451.jpg,_@ejemplo_
201362473.jpg,_@ejemplo_
200447649.jpg,_@ejemplo_
175588199.jpg,_@ejemplo_
182349014.jpg,_@ejemplo_
194403670.jpg,_@ejemplo_
119303953.jpg,_@ejemplo_
196661738.jpg,_@ejemplo_
180019772.jpg,_@ejemplo_
157515165.jpg,_@ejemplo_
190728009.jpg,_@ejemplo_
156774736.jpg,_@ejemplo_
181556483.jpg,_@ejemplo_
186858113.jpg,_@ejemplo_
115047085.jpg,_@ejemplo_
181300146.jpg,_@ejemplo_
164471386.jpg,_@ejemplo_
198114360.jpg,_@ejemplo_
194403000.jpg,_@ejemplo_
200447320.jpg,_@ejemplo_
197294319.jpg,_@ejemplo_
184274949.jpg,_@ejemplo_
160890447.jpg,_@ejemplo_
200451417.jpg,_@ejemplo_
192802715.jpg,_@ejemplo_
180032088.jpg,_@ejemplo_
197296886.jpg,_@ejemplo_
133126779.jpg,_@ejemplo_
105670246.jpg,_@ejemplo_
160785613.jpg,_@ejemplo_
154137025.jpg,_@ejemplo_
180018583.jpg,_@ejemplo_
180084533.jpg,_@ejemplo_
199502335.jpg,_@ejemplo_
200451424.jpg,_@ejemplo_
199501566.jpg,_@ejemplo_
194817309.jpg,_@ejemplo_
201497936.jpg,_@ejemplo_
175589379.jpg,_@ejemplo_
175473620.jpg,_@ejemplo_
147834929.jpg,_@ejemplo_
186866315.jpg,_@ejemplo_
118766757.jpg,_@ejemplo_
175508504.jpg,_@ejemplo_
175473125.jpg,_@ejemplo_
200450545.jpg,_@ejemplo_
164203468.jpg,_@ejemplo_
159665554.jpg,_@ejemplo_
198519091.jpg,_@ejemplo_
180018608.jpg,_@ejemplo_
124851262.jpg,_@ejemplo_
164614860.jpg,_@ejemplo_
143549017.jpg,_@ejemplo_
200451577.jpg,_@ejemplo_
194647861.jpg,_@ejemplo_
147033461.jpg,_@ejemplo_
180084457.jpg,_@ejemplo_
192802723.jpg,_@ejemplo_
175853996.jpg,_@ejemplo_
115052131.jpg,_@ejemplo_
196335228.jpg,_@ejemplo_
134427210.jpg,_@ejemplo_
186711896.jpg,_@ejemplo_
197294804.jpg,_@ejemplo_
119303958.jpg,_@ejemplo_
194647948.jpg,_@ejemplo_
180018603.jpg,_@ejemplo_
198114352.jpg,_@ejemplo_
179114221.jpg,_@ejemplo_
122575533.jpg,_@ejemplo_
193296804.jpg,_@ejemplo_
186865329.jpg,_@ejemplo_
199095667.jpg,_@ejemplo_
182349012.jpg,_@ejemplo_
180043909.jpg,_@ejemplo_
127672967.jpg,_@ejemplo_
194647863.jpg,_@ejemplo_
200452208.jpg,_@ejemplo_
175508554.jpg,_@ejemplo_
193947428.jpg,_@ejemplo_
184428247.jpg,_@ejemplo_
160783028.jpg,_@ejemplo_
184470382.jpg,_@ejemplo_
201394230.jpg,_@ejemplo_
124995767.jpg,_@ejemplo_
105581008.jpg,_@ejemplo_
184438862.jpg,_@ejemplo_
196002174.jpg,_@ejemplo_
201210538.jpg,_@ejemplo_
168293978.jpg,_@ejemplo_
119198516.jpg,_@ejemplo_
196638532.jpg,_@ejemplo_
196612719.jpg,_@ejemplo_
172447911.jpg,_@ejemplo_
134282797.jpg,_@ejemplo_
201210650.jpg,_@ejemplo_
123483907.jpg,_@ejemplo_
128080476.jpg,_@ejemplo_
180350334.jpg,_@ejemplo_
164203315.jpg,_@ejemplo_
200452206.jpg,_@ejemplo_
160787375.jpg,_@ejemplo_
192023075.jpg,_@ejemplo_
200447321.jpg,_@ejemplo_
180081990.jpg,_@ejemplo_
131639713.jpg,_@ejemplo_
175620050.jpg,_@ejemplo_
197161380.jpg,_@ejemplo_
180084536.jpg,_@ejemplo_
186959666.jpg,_@ejemplo_
201210542.jpg,_@ejemplo_
200509649.jpg,_@ejemplo_
180018600.jpg,_@ejemplo_
149298514.jpg,_@ejemplo_
181922227.jpg,_@ejemplo_
170328275.jpg,_@ejemplo_
175588384.jpg,_@ejemplo_
192802867.jpg,_@ejemplo_
192802789.jpg,_@ejemplo_
197296576.jpg,_@ejemplo_
180318034.jpg,_@ejemplo_
196768591.jpg,_@ejemplo_
119306609.jpg,_@ejemplo_
180084463.jpg,_@ejemplo_
198729037.jpg,_@ejemplo_
180018566.jpg,_@ejemplo_
192802724.jpg,_@ejemplo_
200674063.jpg,_@ejemplo_
200451410.jpg,_@ejemplo_
157515433.jpg,_@ejemplo_
182092897.jpg,_@ejemplo_
201210670.jpg,_@ejemplo_
118768383.jpg,_@ejemplo_
187045140.jpg,_@ejemplo_
200452635.jpg,_@ejemplo_
198729034.jpg,_@ejemplo_
196532672.jpg,_@ejemplo_
192802727.jpg,_@ejemplo_
155690753.jpg,_@ejemplo_
123483906.jpg,_@ejemplo_
185437549.jpg,_@ejemplo_
170417520.jpg,_@ejemplo_
186863475.jpg,_@ejemplo_
200452210.jpg,_@ejemplo_
128980277.jpg,_@ejemplo_
175508237.jpg,_@ejemplo_
201210744.jpg,_@ejemplo_
105580993.jpg,_@ejemplo_
192803067.jpg,_@ejemplo_
175588163.jpg,_@ejemplo_
200447763.jpg,_@ejemplo_
115060513.jpg,_@ejemplo_
105175383.jpg,_@ejemplo_
175620058.jpg,_@ejemplo_
200451415.jpg,_@ejemplo_
175588188.jpg,_@ejemplo_
174431446.jpg,_@ejemplo_
201395022.jpg,_@ejemplo_
127672947.jpg,_@ejemplo_
124851268.jpg,_@ejemplo_
154756021.jpg,_@ejemplo_
137212923.jpg,_@ejemplo_
133126777.jpg,_@ejemplo_
200453662.jpg,_@ejemplo_
201497364.jpg,_@ejemplo_
178257086.jpg,_@ejemplo_
181000468.jpg,_@ejemplo_
179569899.jpg,_@ejemplo_
175620075.jpg,_@ejemplo_
183416149.jpg,_@ejemplo_
201395004.jpg,_@ejemplo_
198601722.jpg,_@ejemplo_
162495000.jpg,_@ejemplo_
198519105.jpg,_@ejemplo_
198182443.jpg,_@ejemplo_
197465055.jpg,_@ejemplo_
153887780.jpg,_@ejemplo_
201210680.jpg,_@ejemplo_
157515175.jpg,_@ejemplo_
120896212.jpg,_@ejemplo_
127108213.jpg,_@ejemplo_
187663785.jpg,_@ejemplo_
180034756.jpg,_@ejemplo_
199502279.jpg,_@ejemplo_
200451150.jpg,_@ejemplo_
192805934.jpg,_@ejemplo_
131639667.jpg,_@ejemplo_
171247015.jpg,_@ejemplo_
176083345.jpg,_@ejemplo_
182349708.jpg,_@ejemplo_
115058057.jpg,_@ejemplo_
193005003.jpg,_@ejemplo_
176025570.jpg,_@ejemplo_
196612993.jpg,_@ejemplo_
179115363.jpg,_@ejemplo_
125066170.jpg,_@ejemplo_
180032092.jpg,_@ejemplo_
200452681.jpg,_@ejemplo_
174268784.jpg,_@ejemplo_
198519094.jpg,_@ejemplo_
198182454.jpg,_@ejemplo_
200452634.jpg,_@ejemplo_
127673004.jpg,_@ejemplo_
200451576.jpg,_@ejemplo_
159227276.jpg,_@ejemplo_
136400786.jpg,_@ejemplo_
184427301.jpg,_@ejemplo_
199501502.jpg,_@ejemplo_
186866057.jpg,_@ejemplo_
200451591.jpg,_@ejemplo_
180064125.jpg,_@ejemplo_
193457659.jpg,_@ejemplo_
198182442.jpg,_@ejemplo_
167994915.jpg,_@ejemplo_
186858613.jpg,_@ejemplo_
184462313.jpg,_@ejemplo_
134425064.jpg,_@ejemplo_
199501545.jpg,_@ejemplo_
201210537.jpg,_@ejemplo_
136400523.jpg,_@ejemplo_
143716727.jpg,_@ejemplo_
166013855.jpg,_@ejemplo_
174481376.jpg,_@ejemplo_
160779761.jpg,_@ejemplo_
200453898.jpg,_@ejemplo_
179115905.jpg,_@ejemplo_
200447751.jpg,_@ejemplo_
194162517.jpg,_@ejemplo_
192109924.jpg,_@ejemplo_
201394648.jpg,_@ejemplo_
186866615.jpg,_@ejemplo_
180018581.jpg,_@ejemplo_
144877921.jpg,_@ejemplo_
199502325.jpg,_@ejemplo_
186866623.jpg,_@ejemplo_
200447746.jpg,_@ejemplo_
154137109.jpg,_@ejemplo_
190728026.jpg,_@ejemplo_
157514952.jpg,_@ejemplo_
152902452.jpg,_@ejemplo_
190728025.jpg,_@ejemplo_
122456356.jpg,_@ejemplo_
194647217.jpg,_@ejemplo_
184467254.jpg,_@ejemplo_
193004548.jpg,_@ejemplo_
181842785.jpg,_@ejemplo_
155939749.jpg,_@ejemplo_
176026076.jpg,_@ejemplo_
178437573.jpg,_@ejemplo_
201395032.jpg,_@ejemplo_
132306935.jpg,_@ejemplo_
199502333.jpg,_@ejemplo_
198633859.jpg,_@ejemplo_
172539558.jpg,_@ejemplo_
199502937.jpg,_@ejemplo_
196613713.jpg,_@ejemplo_
178260469.jpg,_@ejemplo_
181556440.jpg,_@ejemplo_
199502972.jpg,_@ejemplo_
199502974.jpg,_@ejemplo_
180084535.jpg,_@ejemplo_
160782044.jpg,_@ejemplo_
196531110.jpg,_@ejemplo_
199501858.jpg,_@ejemplo_
166578723.jpg,_@ejemplo_
175508398.jpg,_@ejemplo_
181586838.jpg,_@ejemplo_
201395015.jpg,_@ejemplo_
198519109.jpg,_@ejemplo_
124013400.jpg,_@ejemplo_
160779841.jpg,_@ejemplo_
127672962.jpg,_@ejemplo_
192802791.jpg,_@ejemplo_
175509918.jpg,_@ejemplo_
183122421.jpg,_@ejemplo_
196775537.jpg,_@ejemplo_
181556454.jpg,_@ejemplo_
167729902.jpg,_@ejemplo_
160781949.jpg,_@ejemplo_
181564309.jpg,_@ejemplo_
180064105.jpg,_@ejemplo_
168294087.jpg,_@ejemplo_
155827812.jpg,_@ejemplo_
115058344.jpg,_@ejemplo_
144877905.jpg,_@ejemplo_
160781952.jpg,_@ejemplo_
174427874.jpg,_@ejemplo_
105581005.jpg,_@ejemplo_
135392469.jpg,_@ejemplo_
179115841.jpg,_@ejemplo_
124996718.jpg,_@ejemplo_
200449689.jpg,_@ejemplo_
124013640.jpg,_@ejemplo_
180019759.jpg,_@ejemplo_
174481526.jpg,_@ejemplo_
192802790.jpg,_@ejemplo_
200450891.jpg,_@ejemplo_
176873582.jpg,_@ejemplo_
156909234.jpg,_@ejemplo_
200447501.jpg,_@ejemplo_
167073909.jpg,_@ejemplo_
190811364.jpg,_@ejemplo_
136400996.jpg,_@ejemplo_
174564250.jpg,_@ejemplo_
190728023.jpg,_@ejemplo_
134944920.jpg,_@ejemplo_
197203829.jpg,_@ejemplo_
127672964.jpg,_@ejemplo_
201290391.jpg,_@ejemplo_
186300563.jpg,_@ejemplo_
200447437.jpg,_@ejemplo_
184468183.jpg,_@ejemplo_
174481063.jpg,_@ejemplo_
115058697.jpg,_@ejemplo_
160779689.jpg,_@ejemplo_
147835210.jpg,_@ejemplo_
200450897.jpg,_@ejemplo_
175508591.jpg,_@ejemplo_
175508269.jpg,_@ejemplo_
160890411.jpg,_@ejemplo_
176461152.jpg,_@ejemplo_
184428281.jpg,_@ejemplo_
198114357.jpg,_@ejemplo_
186858568.jpg,_@ejemplo_
171478091.jpg,_@ejemplo_
168737283.jpg,_@ejemplo_
198120690.jpg,_@ejemplo_
142085257.jpg,_@ejemplo_
180019733.jpg,_@ejemplo_
160787887.jpg,_@ejemplo_
180084605.jpg,_@ejemplo_
198729028.jpg,_@ejemplo_
200447986.jpg,_@ejemplo_
160692200.jpg,_@ejemplo_
198519101.jpg,_@ejemplo_
198121477.jpg,_@ejemplo_
195279394.jpg,_@ejemplo_
184428294.jpg,_@ejemplo_
121917358.jpg,_@ejemplo_
160781170.jpg,_@ejemplo_
197294318.jpg,_@ejemplo_
200451043.jpg,_@ejemplo_
175508271.jpg,_@ejemplo_
143640816.jpg,_@ejemplo_
196612823.jpg,_@ejemplo_
194903123.jpg,_@ejemplo_
182374152.jpg,_@ejemplo_
198519081.jpg,_@ejemplo_
200450463.jpg,_@ejemplo_
180043613.jpg,_@ejemplo_
193071544.jpg,_@ejemplo_
134425119.jpg,_@ejemplo_
118768244.jpg,_@ejemplo_
124060519.jpg,_@ejemplo_
180043576.jpg,_@ejemplo_
105670242.jpg,_@ejemplo_
154687853.jpg,_@ejemplo_
198184628.jpg,_@ejemplo_
121958687.jpg,_@ejemplo_
192805925.jpg,_@ejemplo_
160786437.jpg,_@ejemplo_
175508546.jpg,_@ejemplo_
181556448.jpg,_@ejemplo_
181041741.jpg,_@ejemplo_
134906006.jpg,_@ejemplo_
134427077.jpg,_@ejemplo_
181586734.jpg,_@ejemplo_
167996265.jpg,_@ejemplo_
200451414.jpg,_@ejemplo_
160182042.jpg,_@ejemplo_
118768493.jpg,_@ejemplo_
139679006.jpg,_@ejemplo_
180064106.jpg,_@ejemplo_
180018595.jpg,_@ejemplo_
174427234.jpg,_@ejemplo_
200447653.jpg,_@ejemplo_
156925613.jpg,_@ejemplo_
200447753.jpg,_@ejemplo_
198729039.jpg,_@ejemplo_
186866364.jpg,_@ejemplo_
197879802.jpg,_@ejemplo_
180317144.jpg,_@ejemplo_
160781948.jpg,_@ejemplo_
198599457.jpg,_@ejemplo_
192802737.jpg,_@ejemplo_
196639028.jpg,_@ejemplo_
184428202.jpg,_@ejemplo_
186137731.jpg,_@ejemplo_
163949124.jpg,_@ejemplo_
118658753.jpg,_@ejemplo_
145223455.jpg,_@ejemplo_
186858080.jpg,_@ejemplo_
121659424.jpg,_@ejemplo_
162973658.jpg,_@ejemplo_
184428269.jpg,_@ejemplo_
122918193.jpg,_@ejemplo_
128080054.jpg,_@ejemplo_
199501485.jpg,_@ejemplo_
124817341.jpg,_@ejemplo_
162339806.jpg,_@ejemplo_
198182456.jpg,_@ejemplo_
180018564.jpg,_@ejemplo_
190727999.jpg,_@ejemplo_
119303951.jpg,_@ejemplo_
155896678.jpg,_@ejemplo_
190728013.jpg,_@ejemplo_
192805921.jpg,_@ejemplo_
105581003.jpg,_@ejemplo_
198729029.jpg,_@ejemplo_
181556457.jpg,_@ejemplo_
120451850.jpg,_@ejemplo_
176022676.jpg,_@ejemplo_
119303961.jpg,_@ejemplo_
175508510.jpg,_@ejemplo_
183275300.jpg,_@ejemplo_
180999850.jpg,_@ejemplo_
180032089.jpg,_@ejemplo_
160783710.jpg,_@ejemplo_
105581011.jpg,_@ejemplo_
122189220.jpg,_@ejemplo_
200449301.jpg,_@ejemplo_
200450623.jpg,_@ejemplo_
180018605.jpg,_@ejemplo_
180032097.jpg,_@ejemplo_
115048479.jpg,_@ejemplo_
142084832.jpg,_@ejemplo_
199501465.jpg,_@ejemplo_
160890676.jpg,_@ejemplo_
120980298.jpg,_@ejemplo_
199502284.jpg,_@ejemplo_
115046900.jpg,_@ejemplo_
179567872.jpg,_@ejemplo_
174269075.jpg,_@ejemplo_
198182459.jpg,_@ejemplo_
200447747.jpg,_@ejemplo_
184274923.jpg,_@ejemplo_
201394214.jpg,_@ejemplo_
180084700.jpg,_@ejemplo_
144886727.jpg,_@ejemplo_
179115849.jpg,_@ejemplo_
200448847.jpg,_@ejemplo_
124013233.jpg,_@ejemplo_
176392532.jpg,_@ejemplo_
153383168.jpg,_@ejemplo_
201496025.jpg,_@ejemplo_
197296865.jpg,_@ejemplo_
196531080.jpg,_@ejemplo_
155896672.jpg,_@ejemplo_
170108874.jpg,_@ejemplo_
120980552.jpg,_@ejemplo_
201212217.jpg,_@ejemplo_
200447655.jpg,_@ejemplo_
198518890.jpg,_@ejemplo_
180019890.jpg,_@ejemplo_
122456058.jpg,_@ejemplo_
179568955.jpg,_@ejemplo_
199502976.jpg,_@ejemplo_
134589912.jpg,_@ejemplo_
181556432.jpg,_@ejemplo_
180081979.jpg,_@ejemplo_
127672973.jpg,_@ejemplo_
153041657.jpg,_@ejemplo_
199502949.jpg,_@ejemplo_
115060855.jpg,_@ejemplo_
198519107.jpg,_@ejemplo_
139746392.jpg,_@ejemplo_
186858098.jpg,_@ejemplo_
197161178.jpg,_@ejemplo_
168293860.jpg,_@ejemplo_
190727997.jpg,_@ejemplo_
180084474.jpg,_@ejemplo_
161529712.jpg,_@ejemplo_
200453660.jpg,_@ejemplo_
149298521.jpg,_@ejemplo_
200453654.jpg,_@ejemplo_
128080064.jpg,_@ejemplo_
200450247.jpg,_@ejemplo_
174481057.jpg,_@ejemplo_
144724110.jpg,_@ejemplo_
124851264.jpg,_@ejemplo_
155939751.jpg,_@ejemplo_
128155079.jpg,_@ejemplo_
200447989.jpg,_@ejemplo_
174662199.jpg,_@ejemplo_
200453658.jpg,_@ejemplo_
164755947.jpg,_@ejemplo_
184428288.jpg,_@ejemplo_
193457654.jpg,_@ejemplo_
118659636.jpg,_@ejemplo_
161786056.jpg,_@ejemplo_
149298027.jpg,_@ejemplo_
183623321.jpg,_@ejemplo_
201210685.jpg,_@ejemplo_
201538774.jpg,_@ejemplo_
184428313.jpg,_@ejemplo_
200451147.jpg,_@ejemplo_
192802872.jpg,_@ejemplo_
188626348.jpg,_@ejemplo_
131639662.jpg,_@ejemplo_
181556482.jpg,_@ejemplo_
197159932.jpg,_@ejemplo_
195574406.jpg,_@ejemplo_
164614436.jpg,_@ejemplo_
193298541.jpg,_@ejemplo_
168213477.jpg,_@ejemplo_
168737269.jpg,_@ejemplo_
178437563.jpg,_@ejemplo_
198518597.jpg,_@ejemplo_
178842034.jpg,_@ejemplo_
150899312.jpg,_@ejemplo_
194647957.jpg,_@ejemplo_
175470395.jpg,_@ejemplo_
180018602.jpg,_@ejemplo_
199501528.jpg,_@ejemplo_
178438025.jpg,_@ejemplo_
181915821.jpg,_@ejemplo_
180081995.jpg,_@ejemplo_
161259481.jpg,_@ejemplo_
182349710.jpg,_@ejemplo_
200450498.jpg,_@ejemplo_
165692567.jpg,_@ejemplo_
174481072.jpg,_@ejemplo_
128930077.jpg,_@ejemplo_
186866215.jpg,_@ejemplo_
134906037.jpg,_@ejemplo_
200453426.jpg,_@ejemplo_
149298021.jpg,_@ejemplo_
157543925.jpg,_@ejemplo_
174430700.jpg,_@ejemplo_
201210743.jpg,_@ejemplo_
182349709.jpg,_@ejemplo_
180081989.jpg,_@ejemplo_
186858094.jpg,_@ejemplo_
197296866.jpg,_@ejemplo_
198600490.jpg,_@ejemplo_
134907240.jpg,_@ejemplo_
184469082.jpg,_@ejemplo_
198519098.jpg,_@ejemplo_
136400778.jpg,_@ejemplo_
198729012.jpg,_@ejemplo_
199094442.jpg,_@ejemplo_
123007468.jpg,_@ejemplo_
165884069.jpg,_@ejemplo_
180932028.jpg,_@ejemplo_
180043633.jpg,_@ejemplo_
198729021.jpg,_@ejemplo_
199420674.jpg,_@ejemplo_
180018604.jpg,_@ejemplo_
180068068.jpg,_@ejemplo_
200451592.jpg,_@ejemplo_
174428324.jpg,_@ejemplo_
162973590.jpg,_@ejemplo_
122575183.jpg,_@ejemplo_
190485874.jpg,_@ejemplo_
179690635.jpg,_@ejemplo_
190810464.jpg,_@ejemplo_
128436536.jpg,_@ejemplo_
199502943.jpg,_@ejemplo_
180081978.jpg,_@ejemplo_
199094438.jpg,_@ejemplo_
193457685.jpg,_@ejemplo_
160784524.jpg,_@ejemplo_
200446968.jpg,_@ejemplo_
201047642.jpg,_@ejemplo_
137877330.jpg,_@ejemplo_
201394248.jpg,_@ejemplo_
201291233.jpg,_@ejemplo_
200447754.jpg,_@ejemplo_
174427884.jpg,_@ejemplo_
186866355.jpg,_@ejemplo_
165884250.jpg,_@ejemplo_
153244796.jpg,_@ejemplo_
149298509.jpg,_@ejemplo_
179115032.jpg,_@ejemplo_
200452214.jpg,_@ejemplo_
180019752.jpg,_@ejemplo_
186866347.jpg,_@ejemplo_
164203474.jpg,_@ejemplo_
180064094.jpg,_@ejemplo_
186858345.jpg,_@ejemplo_
128436531.jpg,_@ejemplo_
199501878.jpg,_@ejemplo_
122455876.jpg,_@ejemplo_
197360025.jpg,_@ejemplo_
164954564.jpg,_@ejemplo_
135509781.jpg,_@ejemplo_
169064649.jpg,_@ejemplo_
197066162.jpg,_@ejemplo_
115058933.jpg,_@ejemplo_
200451408.jpg,_@ejemplo_
197296863.jpg,_@ejemplo_
181556464.jpg,_@ejemplo_
201394213.jpg,_@ejemplo_
180018837.jpg,_@ejemplo_
131457784.jpg,_@ejemplo_
181564021.jpg,_@ejemplo_
190727890.jpg,_@ejemplo_
192802803.jpg,_@ejemplo_
194647859.jpg,_@ejemplo_
200449943.jpg,_@ejemplo_
162973754.jpg,_@ejemplo_
151788263.jpg,_@ejemplo_
197159926.jpg,_@ejemplo_
115055411.jpg,_@ejemplo_
135606682.jpg,_@ejemplo_
160786534.jpg,_@ejemplo_
192823281.jpg,_@ejemplo_
164701170.jpg,_@ejemplo_
184462323.jpg,_@ejemplo_
184275089.jpg,_@ejemplo_
198729016.jpg,_@ejemplo_
200451594.jpg,_@ejemplo_
170867422.jpg,_@ejemplo_
149298037.jpg,_@ejemplo_
198601787.jpg,_@ejemplo_
174909676.jpg,_@ejemplo_
200447982.jpg,_@ejemplo_
134282708.jpg,_@ejemplo_
200450571.jpg,_@ejemplo_
165884071.jpg,_@ejemplo_
199501527.jpg,_@ejemplo_
174427228.jpg,_@ejemplo_
166577860.jpg,_@ejemplo_
185510977.jpg,_@ejemplo_
175588195.jpg,_@ejemplo_
175508387.jpg,_@ejemplo_
200446939.jpg,_@ejemplo_
179567885.jpg,_@ejemplo_
201210686.jpg,_@ejemplo_
198120724.jpg,_@ejemplo_
184430810.jpg,_@ejemplo_
198601202.jpg,_@ejemplo_
160789620.jpg,_@ejemplo_
176083165.jpg,_@ejemplo_
175473862.jpg,_@ejemplo_
197159918.jpg,_@ejemplo_
174562351.jpg,_@ejemplo_
186863536.jpg,_@ejemplo_
189952628.jpg,_@ejemplo_
134506118.jpg,_@ejemplo_
200451412.jpg,_@ejemplo_
160891026.jpg,_@ejemplo_
119303963.jpg,_@ejemplo_
152904109.jpg,_@ejemplo_
176022673.jpg,_@ejemplo_
187663792.jpg,_@ejemplo_
175736407.jpg,_@ejemplo_
198518892.jpg,_@ejemplo_
192784564.jpg,_@ejemplo_
153887791.jpg,_@ejemplo_
115056352.jpg,_@ejemplo_
127673003.jpg,_@ejemplo_
164614025.jpg,_@ejemplo_
199502936.jpg,_@ejemplo_
137796903.jpg,_@ejemplo_
180064121.jpg,_@ejemplo_
134907227.jpg,_@ejemplo_
201394218.jpg,_@ejemplo_
201394217.jpg,_@ejemplo_
168938336.jpg,_@ejemplo_
199501992.jpg,_@ejemplo_
115048432.jpg,_@ejemplo_
180043906.jpg,_@ejemplo_
159665844.jpg,_@ejemplo_
197066149.jpg,_@ejemplo_
201210689.jpg,_@ejemplo_
198633873.jpg,_@ejemplo_
197042618.jpg,_@ejemplo_
170226123.jpg,_@ejemplo_
164700971.jpg,_@ejemplo_
180019754.jpg,_@ejemplo_
165654578.jpg,_@ejemplo_
200451619.jpg,_@ejemplo_
136399535.jpg,_@ejemplo_
175508505.jpg,_@ejemplo_
115060566.jpg,_@ejemplo_
192158917.jpg,_@ejemplo_
175854918.jpg,_@ejemplo_
197294120.jpg,_@ejemplo_
120426549.jpg,_@ejemplo_
134506724.jpg,_@ejemplo_
198389438.jpg,_@ejemplo_
135607051.jpg,_@ejemplo_
192322867.jpg,_@ejemplo_
168082622.jpg,_@ejemplo_
180019846.jpg,_@ejemplo_
180043631.jpg,_@ejemplo_
201210746.jpg,_@ejemplo_
160182083.jpg,_@ejemplo_
186858059.jpg,_@ejemplo_
200453661.jpg,_@ejemplo_
137662252.jpg,_@ejemplo_
179115871.jpg,_@ejemplo_
115058611.jpg,_@ejemplo_
192822317.jpg,_@ejemplo_
197294465.jpg,_@ejemplo_
200447439.jpg,_@ejemplo_
200451311.jpg,_@ejemplo_
160788059.jpg,_@ejemplo_
158493491.jpg,_@ejemplo_
199008079.jpg,_@ejemplo_
187663796.jpg,_@ejemplo_
177931077.jpg,_@ejemplo_
180019782.jpg,_@ejemplo_
131639669.jpg,_@ejemplo_
180932005.jpg,_@ejemplo_
201174065.jpg,_@ejemplo_
180932001.jpg,_@ejemplo_
131457741.jpg,_@ejemplo_
181885186.jpg,_@ejemplo_
182062455.jpg,_@ejemplo_
124980157.jpg,_@ejemplo_
180064112.jpg,_@ejemplo_
149298517.jpg,_@ejemplo_
187663798.jpg,_@ejemplo_
199502328.jpg,_@ejemplo_
200446967.jpg,_@ejemplo_
186858095.jpg,_@ejemplo_
186858061.jpg,_@ejemplo_
201394231.jpg,_@ejemplo_
143498310.jpg,_@ejemplo_
186866784.jpg,_@ejemplo_
135117958.jpg,_@ejemplo_
189952653.jpg,_@ejemplo_
175508506.jpg,_@ejemplo_
198518602.jpg,_@ejemplo_
200451624.jpg,_@ejemplo_
115060903.jpg,_@ejemplo_
199501993.jpg,_@ejemplo_
180018591.jpg,_@ejemplo_
180019786.jpg,_@ejemplo_
175508709.jpg,_@ejemplo_
157667717.jpg,_@ejemplo_
180043615.jpg,_@ejemplo_
123525847.jpg,_@ejemplo_
174427868.jpg,_@ejemplo_
127672876.jpg,_@ejemplo_
135722585.jpg,_@ejemplo_
184489140.jpg,_@ejemplo_
165134296.jpg,_@ejemplo_
197296877.jpg,_@ejemplo_
180019852.jpg,_@ejemplo_
180679457.jpg,_@ejemplo_
175641003.jpg,_@ejemplo_
199501772.jpg,_@ejemplo_
182094103.jpg,_@ejemplo_
147618454.jpg,_@ejemplo_
190727889.jpg,_@ejemplo_
198120688.jpg,_@ejemplo_
200447650.jpg,_@ejemplo_
175620057.jpg,_@ejemplo_
168593517.jpg,_@ejemplo_
118768485.jpg,_@ejemplo_
175588187.jpg,_@ejemplo_
180084539.jpg,_@ejemplo_
157045819.jpg,_@ejemplo_
151728587.jpg,_@ejemplo_
175589477.jpg,_@ejemplo_
196612716.jpg,_@ejemplo_
200453924.jpg,_@ejemplo_
190174753.jpg,_@ejemplo_
199501875.jpg,_@ejemplo_
201047949.jpg,_@ejemplo_
198120534.jpg,_@ejemplo_
184428381.jpg,_@ejemplo_
197203549.jpg,_@ejemplo_
200509545.jpg,_@ejemplo_
180018565.jpg,_@ejemplo_
197360022.jpg,_@ejemplo_
170328276.jpg,_@ejemplo_
200448022.jpg,_@ejemplo_
124377725.jpg,_@ejemplo_
200447310.jpg,_@ejemplo_
195741693.jpg,_@ejemplo_
180081988.jpg,_@ejemplo_
198729032.jpg,_@ejemplo_
164611308.jpg,_@ejemplo_
199501491.jpg,_@ejemplo_
196613854.jpg,_@ejemplo_
131457786.jpg,_@ejemplo_
180064090.jpg,_@ejemplo_
167996066.jpg,_@ejemplo_
192802865.jpg,_@ejemplo_
198601719.jpg,_@ejemplo_
199501533.jpg,_@ejemplo_
122456367.jpg,_@ejemplo_
200452212.jpg,_@ejemplo_
200447979.jpg,_@ejemplo_
200452658.jpg,_@ejemplo_
190172922.jpg,_@ejemplo_
197160527.jpg,_@ejemplo_
180064104.jpg,_@ejemplo_
192704450.jpg,_@ejemplo_
160691900.jpg,_@ejemplo_
138096621.jpg,_@ejemplo_
134590056.jpg,_@ejemplo_
184428246.jpg,_@ejemplo_
115060902.jpg,_@ejemplo_
196662531.jpg,_@ejemplo_
186858099.jpg,_@ejemplo_
131639712.jpg,_@ejemplo_
180019366.jpg,_@ejemplo_
198518603.jpg,_@ejemplo_
194647997.jpg,_@ejemplo_
127672949.jpg,_@ejemplo_
190895743.jpg,_@ejemplo_
199445492.jpg,_@ejemplo_
142697642.jpg,_@ejemplo_
139547519.jpg,_@ejemplo_
180019787.jpg,_@ejemplo_
174619768.jpg,_@ejemplo_
172188284.jpg,_@ejemplo_
154137082.jpg,_@ejemplo_
181586755.jpg,_@ejemplo_
187862855.jpg,_@ejemplo_
175472473.jpg,_@ejemplo_
134590035.jpg,_@ejemplo_
174505742.jpg,_@ejemplo_
184430805.jpg,_@ejemplo_
197360027.jpg,_@ejemplo_
174564248.jpg,_@ejemplo_
133453816.jpg,_@ejemplo_
173816855.jpg,_@ejemplo_
200447317.jpg,_@ejemplo_
184427276.jpg,_@ejemplo_
162676888.jpg,_@ejemplo_
198633888.jpg,_@ejemplo_
180148956.jpg,_@ejemplo_
201210682.jpg,_@ejemplo_
181300145.jpg,_@ejemplo_
196661467.jpg,_@ejemplo_
118766909.jpg,_@ejemplo_
159227275.jpg,_@ejemplo_
200447645.jpg,_@ejemplo_
181556453.jpg,_@ejemplo_
197066006.jpg,_@ejemplo_
154137099.jpg,_@ejemplo_
194647968.jpg,_@ejemplo_
200450304.jpg,_@ejemplo_
157960765.jpg,_@ejemplo_
200453651.jpg,_@ejemplo_
182349707.jpg,_@ejemplo_
119303960.jpg,_@ejemplo_
160891064.jpg,_@ejemplo_
124015160.jpg,_@ejemplo_
166577849.jpg,_@ejemplo_
184439961.jpg,_@ejemplo_
200447307.jpg,_@ejemplo_
117147847.jpg,_@ejemplo_
137710376.jpg,_@ejemplo_
167667300.jpg,_@ejemplo_
129039931.jpg,_@ejemplo_
198547484.jpg,_@ejemplo_
175588391.jpg,_@ejemplo_
164203306.jpg,_@ejemplo_
180043594.jpg,_@ejemplo_
134798653.jpg,_@ejemplo_
180034764.jpg,_@ejemplo_
127672971.jpg,_@ejemplo_
200447309.jpg,_@ejemplo_
190811425.jpg,_@ejemplo_
164608997.jpg,_@ejemplo_
200447637.jpg,_@ejemplo_
201210679.jpg,_@ejemplo_
196661464.jpg,_@ejemplo_
134282834.jpg,_@ejemplo_
157681563.jpg,_@ejemplo_
134506166.jpg,_@ejemplo_
170931339.jpg,_@ejemplo_
200452637.jpg,_@ejemplo_
134798682.jpg,_@ejemplo_
136400806.jpg,_@ejemplo_
201210543.jpg,_@ejemplo_
127108846.jpg,_@ejemplo_
196846859.jpg,_@ejemplo_
166577895.jpg,_@ejemplo_
186866343.jpg,_@ejemplo_
200451400.jpg,_@ejemplo_
133126771.jpg,_@ejemplo_
198120687.jpg,_@ejemplo_
198601784.jpg,_@ejemplo_
171870158.jpg,_@ejemplo_
198120726.jpg,_@ejemplo_
201393829.jpg,_@ejemplo_
192229104.jpg,_@ejemplo_
180317148.jpg,_@ejemplo_
122629319.jpg,_@ejemplo_
176084221.jpg,_@ejemplo_
118792845.jpg,_@ejemplo_
142781523.jpg,_@ejemplo_
201210536.jpg,_@ejemplo_
192802800.jpg,_@ejemplo_
166013859.jpg,_@ejemplo_
200452936.jpg,_@ejemplo_
184462342.jpg,_@ejemplo_
201210643.jpg,_@ejemplo_
171654228.jpg,_@ejemplo_
180018840.jpg,_@ejemplo_
196661735.jpg,_@ejemplo_
178437565.jpg,_@ejemplo_
180019781.jpg,_@ejemplo_
183416187.jpg,_@ejemplo_
199501893.jpg,_@ejemplo_
198182437.jpg,_@ejemplo_
180928055.jpg,_@ejemplo_
199094920.jpg,_@ejemplo_
200453894.jpg,_@ejemplo_
171584875.jpg,_@ejemplo_
184428286.jpg,_@ejemplo_
180084469.jpg,_@ejemplo_
199445489.jpg,_@ejemplo_
167995039.jpg,_@ejemplo_
199501467.jpg,_@ejemplo_
201212277.jpg,_@ejemplo_
201210539.jpg,_@ejemplo_
184274618.jpg,_@ejemplo_
199501462.jpg,_@ejemplo_
198601724.jpg,_@ejemplo_
200452632.jpg,_@ejemplo_
199094923.jpg,_@ejemplo_
190727897.jpg,_@ejemplo_
165884251.jpg,_@ejemplo_
166013856.jpg,_@ejemplo_
115060884.jpg,_@ejemplo_
198120685.jpg,_@ejemplo_
160782887.jpg,_@ejemplo_
119198429.jpg,_@ejemplo_
150409409.jpg,_@ejemplo_
174427900.jpg,_@ejemplo_
180018569.jpg,_@ejemplo_
201395014.jpg,_@ejemplo_
199502321.jpg,_@ejemplo_
190728017.jpg,_@ejemplo_
172187558.jpg,_@ejemplo_
180019757.jpg,_@ejemplo_
200447441.jpg,_@ejemplo_
178260539.jpg,_@ejemplo_
180928049.jpg,_@ejemplo_
164203472.jpg,_@ejemplo_
196847000.jpg,_@ejemplo_
164614312.jpg,_@ejemplo_
135117591.jpg,_@ejemplo_
197296897.jpg,_@ejemplo_
112151599.jpg,_@ejemplo_
99965487.jpg,_@ejemplo_
174486415.jpg,_@ejemplo_
181433777.jpg,_@ejemplo_
200453422.jpg,_@ejemplo_
152904112.jpg,_@ejemplo_
180043730.jpg,_@ejemplo_
200850868.jpg,_@ejemplo_
134425970.jpg,_@ejemplo_
185643089.jpg,_@ejemplo_
199502324.jpg,_@ejemplo_
171478090.jpg,_@ejemplo_
196002175.jpg,_@ejemplo_
194817323.jpg,_@ejemplo_
186866222.jpg,_@ejemplo_
182462850.jpg,_@ejemplo_
120896216.jpg,_@ejemplo_
181556477.jpg,_@ejemplo_
176918108.jpg,_@ejemplo_
197296957.jpg,_@ejemplo_
184273076.jpg,_@ejemplo_
197066031.jpg,_@ejemplo_
175508560.jpg,_@ejemplo_
179921500.jpg,_@ejemplo_
196613710.jpg,_@ejemplo_
128556464.jpg,_@ejemplo_
201393827.jpg,_@ejemplo_
180019753.jpg,_@ejemplo_
164203470.jpg,_@ejemplo_
118658643.jpg,_@ejemplo_
184428379.jpg,_@ejemplo_
198518600.jpg,_@ejemplo_
190728028.jpg,_@ejemplo_
179115848.jpg,_@ejemplo_
128079504.jpg,_@ejemplo_
200451416.jpg,_@ejemplo_
196613698.jpg,_@ejemplo_
201212144.jpg,_@ejemplo_
175588147.jpg,_@ejemplo_
175475467.jpg,_@ejemplo_
190728036.jpg,_@ejemplo_
200448020.jpg,_@ejemplo_
194647218.jpg,_@ejemplo_
190174742.jpg,_@ejemplo_
194414977.jpg,_@ejemplo_
163118154.jpg,_@ejemplo_
200453936.jpg,_@ejemplo_
180064122.jpg,_@ejemplo_
200453925.jpg,_@ejemplo_
134944838.jpg,_@ejemplo_
184468133.jpg,_@ejemplo_
199501537.jpg,_@ejemplo_
164614019.jpg,_@ejemplo_
200451730.jpg,_@ejemplo_
152904144.jpg,_@ejemplo_
160779760.jpg,_@ejemplo_
176138308.jpg,_@ejemplo_
200452628.jpg,_@ejemplo_
198120537.jpg,_@ejemplo_
122917479.jpg,_@ejemplo_
163601882.jpg,_@ejemplo_
134798639.jpg,_@ejemplo_
156910101.jpg,_@ejemplo_
194647975.jpg,_@ejemplo_
198120682.jpg,_@ejemplo_
130988067.jpg,_@ejemplo_
123840587.jpg,_@ejemplo_
128980278.jpg,_@ejemplo_
154065252.jpg,_@ejemplo_
165887286.jpg,_@ejemplo_
197160122.jpg,_@ejemplo_
152678279.jpg,_@ejemplo_
199273878.jpg,_@ejemplo_
201394242.jpg,_@ejemplo_
190728079.jpg,_@ejemplo_
181556444.jpg,_@ejemplo_
180351014.jpg,_@ejemplo_
199501897.jpg,_@ejemplo_
162751916.jpg,_@ejemplo_
127673005.jpg,_@ejemplo_
180081991.jpg,_@ejemplo_
201394233.jpg,_@ejemplo_
165885328.jpg,_@ejemplo_
147440459.jpg,_@ejemplo_
198114365.jpg,_@ejemplo_
198518887.jpg,_@ejemplo_
156360717.jpg,_@ejemplo_
120450960.jpg,_@ejemplo_
174427332.jpg,_@ejemplo_
163229446.jpg,_@ejemplo_
123840742.jpg,_@ejemplo_
175588156.jpg,_@ejemplo_
170867911.jpg,_@ejemplo_
180043910.jpg,_@ejemplo_
200453929.jpg,_@ejemplo_
181556494.jpg,_@ejemplo_
141366618.jpg,_@ejemplo_
180064086.jpg,_@ejemplo_
135117795.jpg,_@ejemplo_
200453922.jpg,_@ejemplo_
201394232.jpg,_@ejemplo_
170868035.jpg,_@ejemplo_
197161387.jpg,_@ejemplo_
197294472.jpg,_@ejemplo_
198633890.jpg,_@ejemplo_
115058603.jpg,_@ejemplo_
197065979.jpg,_@ejemplo_
201210529.jpg,_@ejemplo_
180018597.jpg,_@ejemplo_
179569892.jpg,_@ejemplo_
135033680.jpg,_@ejemplo_
126778781.jpg,_@ejemplo_
128079532.jpg,_@ejemplo_
200451243.jpg,_@ejemplo_
196662485.jpg,_@ejemplo_
122018704.jpg,_@ejemplo_
175472911.jpg,_@ejemplo_
180069961.jpg,_@ejemplo_
175622107.jpg,_@ejemplo_
118768526.jpg,_@ejemplo_
199501517.jpg,_@ejemplo_
192804417.jpg,_@ejemplo_
174427873.jpg,_@ejemplo_
201446580.jpg,_@ejemplo_
122629139.jpg,_@ejemplo_
182687958.jpg,_@ejemplo_
184979931.jpg,_@ejemplo_
196768581.jpg,_@ejemplo_
193005400.jpg,_@ejemplo_
201047667.jpg,_@ejemplo_
198633887.jpg,_@ejemplo_
199501532.jpg,_@ejemplo_
194401922.jpg,_@ejemplo_
199501466.jpg,_@ejemplo_
180043591.jpg,_@ejemplo_
181556473.jpg,_@ejemplo_
181556485.jpg,_@ejemplo_
196439670.jpg,_@ejemplo_
149462070.jpg,_@ejemplo_
186858057.jpg,_@ejemplo_
198182455.jpg,_@ejemplo_
128079534.jpg,_@ejemplo_
168213470.jpg,_@ejemplo_
192822150.jpg,_@ejemplo_
184272100.jpg,_@ejemplo_
170417742.jpg,_@ejemplo_
175473944.jpg,_@ejemplo_
180018590.jpg,_@ejemplo_
178260532.jpg,_@ejemplo_
194809350.jpg,_@ejemplo_
153382827.jpg,_@ejemplo_
198633876.jpg,_@ejemplo_
180020501.jpg,_@ejemplo_
118667505.jpg,_@ejemplo_
128155190.jpg,_@ejemplo_
201393011.jpg,_@ejemplo_
197817301.jpg,_@ejemplo_
135510728.jpg,_@ejemplo_
180043912.jpg,_@ejemplo_
200451413.jpg,_@ejemplo_
200447502.jpg,_@ejemplo_
105581001.jpg,_@ejemplo_
132392029.jpg,_@ejemplo_
135509848.jpg,_@ejemplo_
192805935.jpg,_@ejemplo_
173031053.jpg,_@ejemplo_
200453937.jpg,_@ejemplo_
180019864.jpg,_@ejemplo_
178437816.jpg,_@ejemplo_
180034744.jpg,_@ejemplo_
199501459.jpg,_@ejemplo_
171869899.jpg,_@ejemplo_
180019730.jpg,_@ejemplo_
199501474.jpg,_@ejemplo_
139845405.jpg,_@ejemplo_
166579203.jpg,_@ejemplo_
176022671.jpg,_@ejemplo_
152903391.jpg,_@ejemplo_
120896220.jpg,_@ejemplo_
196251259.jpg,_@ejemplo_
118604707.jpg,_@ejemplo_
135509783.jpg,_@ejemplo_
168938357.jpg,_@ejemplo_
200453933.jpg,_@ejemplo_
160783198.jpg,_@ejemplo_
153887790.jpg,_@ejemplo_
122917523.jpg,_@ejemplo_
190727967.jpg,_@ejemplo_
192891248.jpg,_@ejemplo_
180850683.jpg,_@ejemplo_
185438057.jpg,_@ejemplo_
