image,class
193298868.jpg,_@morsetto_strettoio_
180043630.jpg,_@morsetto_strettoio_
180043573.jpg,_@morsetto_strettoio_
199501868.jpg,_@bancale_cargo_
147033432.jpg,_@pennello_
201210531.jpg,_@pennello_
136400760.jpg,_@accessori_saldatore_
192802740.jpg,_@cerniera_bandella_
198599485.jpg,_@estrattore_
181300138.jpg,_@estrattore_
200453538.jpg,_@vernice_
191556522.jpg,_@chiodo_rivetto_
156909285.jpg,_@staffa_squadretta_
175590017.jpg,_@coltello_
180019867.jpg,_@accessori_saldatore_
154531288.jpg,_@cazzuola_frattone_
162974525.jpg,_@pinzetta_
119304818.jpg,_@spazzola_
180019726.jpg,_@accessori_saldatore_
200447992.jpg,_@pennello_
127046656.jpg,_@staffa_squadretta_
176025504.jpg,_@spazzola_
186858576.jpg,_@cerniera_bandella_
179921280.jpg,_@cerniera_bandella_
153382404.jpg,_@morsetto_strettoio_
115058886.jpg,_@pinzetta_
180317154.jpg,_@chiodo_rivetto_
163118388.jpg,_@estrattore_
184466699.jpg,_@staffa_squadretta_
199502339.jpg,_@bancale_cargo_
198120681.jpg,_@collare_
120451823.jpg,_@spatola_raschietto_
186711171.jpg,_@staffa_squadretta_
197161179.jpg,_@spazzola_
180043506.jpg,_@morsetto_strettoio_
178437111.jpg,_@coltello_
147085761.jpg,_@chiavistello_
200449975.jpg,_@spazzola_
194647852.jpg,_@staffa_squadretta_
179921269.jpg,_@staffa_squadretta_
200453904.jpg,_@spatola_raschietto_
180018846.jpg,_@collare_
119197869.jpg,_@spazzola_
180069957.jpg,_@spatola_raschietto_
197359642.jpg,_@chiavistello_
197159928.jpg,_@cerniera_bandella_
180319851.jpg,_@spatola_raschietto_
180082202.jpg,_@spazzola_
130662278.jpg,_@cerniera_bandella_
200453534.jpg,_@vernice_
180018841.jpg,_@collare_
200448191.jpg,_@pennello_
200453508.jpg,_@vernice_
128659213.jpg,_@pinzetta_
142855170.jpg,_@staffa_squadretta_
128155835.jpg,_@pinzetta_
153129312.jpg,_@spatola_raschietto_
184470400.jpg,_@cerniera_bandella_
165886588.jpg,_@estrattore_
196531255.jpg,_@cerniera_bandella_
198518593.jpg,_@collare_
136391683.jpg,_@chiavistello_
164203308.jpg,_@cerniera_bandella_
201394967.jpg,_@coltello_
171951953.jpg,_@cerniera_bandella_
198120683.jpg,_@collare_
179115364.jpg,_@spatola_raschietto_
164614594.jpg,_@coltello_
180019747.jpg,_@accessori_saldatore_
164203309.jpg,_@cerniera_bandella_
200453427.jpg,_@morsetto_strettoio_
193335282.jpg,_@pinzetta_
124817400.jpg,_@cerniera_bandella_
190727998.jpg,_@pennello_
131457753.jpg,_@morsetto_strettoio_
180064114.jpg,_@pinzetta_
180084472.jpg,_@pennello_
181556442.jpg,_@vernice_
187663789.jpg,_@coltello_
175620338.jpg,_@cerniera_bandella_
135033695.jpg,_@accessori_saldatore_
124014451.jpg,_@cazzuola_frattone_
200985578.jpg,_@pinzetta_
160782594.jpg,_@morsetto_strettoio_
144877910.jpg,_@bancale_cargo_
46168104.jpg,_@pinzetta_
198599466.jpg,_@estrattore_
171951952.jpg,_@cerniera_bandella_
164203151.jpg,_@staffa_squadretta_
197203962.jpg,_@pennello_
192023363.jpg,_@estrattore_
179115867.jpg,_@spazzola_
198729033.jpg,_@vernice_
199445493.jpg,_@coltello_
201210671.jpg,_@vernice_
168938837.jpg,_@cerniera_bandella_
186711202.jpg,_@cerniera_bandella_
201210722.jpg,_@vernice_
200453647.jpg,_@vernice_
199502944.jpg,_@bancale_cargo_
125169792.jpg,_@staffa_squadretta_
198599467.jpg,_@estrattore_
180018589.jpg,_@collare_
180019771.jpg,_@accessori_saldatore_
199501985.jpg,_@bancale_cargo_
199501983.jpg,_@bancale_cargo_
122456371.jpg,_@estrattore_
156774697.jpg,_@staffa_squadretta_
190728030.jpg,_@vernice_
201210740.jpg,_@vernice_
196438752.jpg,_@vernice_
123031834.jpg,_@morsetto_strettoio_
120896215.jpg,_@staffa_squadretta_
180850210.jpg,_@cerniera_bandella_
180084540.jpg,_@spatola_raschietto_
144598359.jpg,_@collare_
199502978.jpg,_@bancale_cargo_
164609688.jpg,_@cerniera_bandella_
162947455.jpg,_@chiodo_rivetto_
180043607.jpg,_@morsetto_strettoio_
201395298.jpg,_@accessori_saldatore_
199501879.jpg,_@bancale_cargo_
197296875.jpg,_@spazzola_
198729046.jpg,_@vernice_
175508548.jpg,_@chiavistello_
120426581.jpg,_@spatola_raschietto_
184468939.jpg,_@cazzuola_frattone_
180019317.jpg,_@accessori_saldatore_
178700496.jpg,_@cerniera_bandella_
123840661.jpg,_@pinzetta_
186905085.jpg,_@pennello_
198519103.jpg,_@pennello_
198600489.jpg,_@chiodo_rivetto_
152904068.jpg,_@cazzuola_frattone_
134798604.jpg,_@staffa_squadretta_
190728035.jpg,_@vernice_
199501488.jpg,_@bancale_cargo_
192322871.jpg,_@pinzetta_
200447440.jpg,_@vernice_
180043572.jpg,_@morsetto_strettoio_
185872200.jpg,_@coltello_
171584845.jpg,_@chiodo_rivetto_
128436446.jpg,_@morsetto_strettoio_
168938338.jpg,_@staffa_squadretta_
200450036.jpg,_@vernice_
200453901.jpg,_@spatola_raschietto_
194410161.jpg,_@morsetto_strettoio_
201394226.jpg,_@pinzetta_
176022485.jpg,_@cerniera_bandella_
122918197.jpg,_@morsetto_strettoio_
197161370.jpg,_@spazzola_
167996261.jpg,_@pinzetta_
180084600.jpg,_@morsetto_strettoio_
131506877.jpg,_@pinzetta_
166013853.jpg,_@pinzetta_
200447312.jpg,_@cerniera_bandella_
156418779.jpg,_@morsetto_strettoio_
131639694.jpg,_@accessori_saldatore_
180084599.jpg,_@morsetto_strettoio_
191466510.jpg,_@spatola_raschietto_
192802780.jpg,_@collare_
135509780.jpg,_@staffa_squadretta_
139547385.jpg,_@spazzola_
199501771.jpg,_@bancale_cargo_
186865458.jpg,_@spazzola_
199501880.jpg,_@bancale_cargo_
135033503.jpg,_@estrattore_
198120729.jpg,_@collare_
168872487.jpg,_@coltello_
128080062.jpg,_@chiavistello_
180018598.jpg,_@collare_
174004794.jpg,_@staffa_squadretta_
174428105.jpg,_@cerniera_bandella_
144877904.jpg,_@bancale_cargo_
165779768.jpg,_@estrattore_
200447638.jpg,_@vernice_
180019778.jpg,_@accessori_saldatore_
201394252.jpg,_@pinzetta_
200443234.jpg,_@morsetto_strettoio_
181587251.jpg,_@spazzola_
163949233.jpg,_@staffa_squadretta_
168259405.jpg,_@collare_
156030032.jpg,_@accessori_saldatore_
175508402.jpg,_@staffa_squadretta_
198518594.jpg,_@collare_
164755969.jpg,_@chiavistello_
168756722.jpg,_@staffa_squadretta_
182687890.jpg,_@coltello_
153129147.jpg,_@morsetto_strettoio_
198729045.jpg,_@vernice_
199501534.jpg,_@bancale_cargo_
180032079.jpg,_@accessori_saldatore_
199094922.jpg,_@pinzetta_
201392976.jpg,_@accessori_saldatore_
200453899.jpg,_@spatola_raschietto_
174481069.jpg,_@cerniera_bandella_
168938760.jpg,_@pinzetta_
165887092.jpg,_@morsetto_strettoio_
180084703.jpg,_@morsetto_strettoio_
131639670.jpg,_@accessori_saldatore_
159053884.jpg,_@staffa_squadretta_
171195588.jpg,_@morsetto_strettoio_
184427287.jpg,_@staffa_squadretta_
199501889.jpg,_@bancale_cargo_
115060895.jpg,_@morsetto_strettoio_
201004467.jpg,_@accessori_saldatore_
184428237.jpg,_@cerniera_bandella_
154377036.jpg,_@chiavistello_
200447742.jpg,_@vernice_
186866363.jpg,_@spazzola_
200447322.jpg,_@cerniera_bandella_
148731768.jpg,_@vernice_
201394221.jpg,_@pinzetta_
160890930.jpg,_@pinzetta_
200450889.jpg,_@cerniera_bandella_
134426981.jpg,_@spazzola_
160181990.jpg,_@coltello_
179001183.jpg,_@spazzola_
200447984.jpg,_@pennello_
197296870.jpg,_@spazzola_
168294082.jpg,_@collare_
180084460.jpg,_@pennello_
198519080.jpg,_@pennello_
194646804.jpg,_@pennello_
134506135.jpg,_@chiavistello_
186858108.jpg,_@chiodo_rivetto_
199501487.jpg,_@bancale_cargo_
176021892.jpg,_@chiodo_rivetto_
200451245.jpg,_@pennello_
198729044.jpg,_@vernice_
184462372.jpg,_@cerniera_bandella_
201497365.jpg,_@estrattore_
200452508.jpg,_@staffa_squadretta_
175508375.jpg,_@staffa_squadretta_
199501884.jpg,_@bancale_cargo_
154137103.jpg,_@cerniera_bandella_
152904063.jpg,_@cazzuola_frattone_
128436452.jpg,_@spazzola_
162497098.jpg,_@pennello_
201210696.jpg,_@vernice_
198182434.jpg,_@vernice_
197159907.jpg,_@cerniera_bandella_
198182446.jpg,_@vernice_
192821559.jpg,_@collare_
198518599.jpg,_@collare_
198519096.jpg,_@pennello_
200453535.jpg,_@vernice_
200447978.jpg,_@pennello_
102138942.jpg,_@morsetto_strettoio_
199501499.jpg,_@bancale_cargo_
131457933.jpg,_@spazzola_
186865645.jpg,_@estrattore_
184427296.jpg,_@staffa_squadretta_
198601723.jpg,_@pennello_
134906467.jpg,_@pennello_
199501516.jpg,_@bancale_cargo_
186863850.jpg,_@coltello_
179397349.jpg,_@staffa_squadretta_
160691903.jpg,_@cerniera_bandella_
186866367.jpg,_@spazzola_
127672005.jpg,_@chiavistello_
201199439.jpg,_@staffa_squadretta_
181556434.jpg,_@vernice_
144877908.jpg,_@bancale_cargo_
175508389.jpg,_@staffa_squadretta_
174427230.jpg,_@chiodo_rivetto_
167995701.jpg,_@accessori_saldatore_
160779593.jpg,_@cerniera_bandella_
175620055.jpg,_@chiodo_rivetto_
197294453.jpg,_@cerniera_bandella_
178437577.jpg,_@pennello_
197294408.jpg,_@cerniera_bandella_
182672676.jpg,_@vernice_
180019791.jpg,_@accessori_saldatore_
180019848.jpg,_@accessori_saldatore_
180084468.jpg,_@pennello_
199479805.jpg,_@collare_
201355498.jpg,_@cazzuola_frattone_
199071931.jpg,_@spazzola_
199477190.jpg,_@spatola_raschietto_
180064095.jpg,_@pinzetta_
162339805.jpg,_@staffa_squadretta_
175590292.jpg,_@spazzola_
120896221.jpg,_@staffa_squadretta_
180084542.jpg,_@spatola_raschietto_
180019790.jpg,_@accessori_saldatore_
200453669.jpg,_@vernice_
174486015.jpg,_@spazzola_
190728032.jpg,_@vernice_
134798598.jpg,_@staffa_squadretta_
157337829.jpg,_@vernice_
180019746.jpg,_@accessori_saldatore_
181885187.jpg,_@vernice_
173179011.jpg,_@staffa_squadretta_
178437955.jpg,_@pennello_
122629208.jpg,_@estrattore_
199502292.jpg,_@bancale_cargo_
197161355.jpg,_@spazzola_
157515163.jpg,_@spazzola_
180850429.jpg,_@pinzetta_
134906065.jpg,_@chiavistello_
176084198.jpg,_@coltello_
192802722.jpg,_@staffa_squadretta_
180084382.jpg,_@coltello_
198519095.jpg,_@pennello_
175514104.jpg,_@accessori_saldatore_
198109721.jpg,_@pinzetta_
197294474.jpg,_@cerniera_bandella_
199501896.jpg,_@bancale_cargo_
174486553.jpg,_@spazzola_
180064101.jpg,_@pinzetta_
197296851.jpg,_@spazzola_
191466550.jpg,_@spazzola_
186858563.jpg,_@cerniera_bandella_
196712162.jpg,_@accessori_saldatore_
171653364.jpg,_@staffa_squadretta_
193457655.jpg,_@staffa_squadretta_
198448522.jpg,_@coltello_
180069895.jpg,_@spatola_raschietto_
198120730.jpg,_@collare_
180018593.jpg,_@collare_
180317156.jpg,_@chiodo_rivetto_
122456383.jpg,_@estrattore_
112151595.jpg,_@bancale_cargo_
131639664.jpg,_@accessori_saldatore_
198120684.jpg,_@collare_
165884249.jpg,_@cerniera_bandella_
124013350.jpg,_@cerniera_bandella_
174618715.jpg,_@cerniera_bandella_
134507016.jpg,_@accessori_saldatore_
160787370.jpg,_@chiavistello_
128436537.jpg,_@pinzetta_
192802808.jpg,_@vernice_
201210688.jpg,_@vernice_
119303952.jpg,_@staffa_squadretta_
118604719.jpg,_@morsetto_strettoio_
200453418.jpg,_@morsetto_strettoio_
199502331.jpg,_@bancale_cargo_
178260460.jpg,_@staffa_squadretta_
168302097.jpg,_@cazzuola_frattone_
180586625.jpg,_@morsetto_strettoio_
180043625.jpg,_@morsetto_strettoio_
176083171.jpg,_@chiodo_rivetto_
190728077.jpg,_@vernice_
124541511.jpg,_@cazzuola_frattone_
180064107.jpg,_@pinzetta_
180019184.jpg,_@accessori_saldatore_
201215702.jpg,_@morsetto_strettoio_
192805924.jpg,_@chiodo_rivetto_
180032090.jpg,_@accessori_saldatore_
173031052.jpg,_@cazzuola_frattone_
134944835.jpg,_@staffa_squadretta_
199445491.jpg,_@coltello_
180043626.jpg,_@morsetto_strettoio_
200451301.jpg,_@staffa_squadretta_
134506112.jpg,_@cerniera_bandella_
160788997.jpg,_@cerniera_bandella_
200452636.jpg,_@vernice_
194903124.jpg,_@vernice_
175590291.jpg,_@spazzola_
180018578.jpg,_@collare_
120450835.jpg,_@staffa_squadretta_
200447635.jpg,_@vernice_
201395299.jpg,_@accessori_saldatore_
181556443.jpg,_@vernice_
197103663.jpg,_@pennello_
163407566.jpg,_@chiodo_rivetto_
191759254.jpg,_@spazzola_
141479680.jpg,_@accessori_saldatore_
176025646.jpg,_@spazzola_
200447991.jpg,_@pennello_
180069948.jpg,_@spatola_raschietto_
193948096.jpg,_@collare_
197296888.jpg,_@spazzola_
149298512.jpg,_@pinzetta_
198729013.jpg,_@vernice_
190095693.jpg,_@pinzetta_
182605064.jpg,_@spatola_raschietto_
115061781.jpg,_@estrattore_
200451402.jpg,_@vernice_
163419541.jpg,_@cerniera_bandella_
180043604.jpg,_@morsetto_strettoio_
174486419.jpg,_@pinzetta_
201394236.jpg,_@pinzetta_
178437534.jpg,_@morsetto_strettoio_
197296859.jpg,_@spazzola_
197717463.jpg,_@morsetto_strettoio_
115048539.jpg,_@chiavistello_
186951068.jpg,_@staffa_squadretta_
192612962.jpg,_@accessori_saldatore_
196662441.jpg,_@spazzola_
196457564.jpg,_@estrattore_
123840909.jpg,_@pinzetta_
121825883.jpg,_@morsetto_strettoio_
153888416.jpg,_@cazzuola_frattone_
176022062.jpg,_@chiodo_rivetto_
200453425.jpg,_@morsetto_strettoio_
180032078.jpg,_@accessori_saldatore_
201210749.jpg,_@vernice_
157423818.jpg,_@staffa_squadretta_
120426548.jpg,_@morsetto_strettoio_
180018611.jpg,_@collare_
200450246.jpg,_@cerniera_bandella_
199502280.jpg,_@bancale_cargo_
183275034.jpg,_@staffa_squadretta_
180043608.jpg,_@morsetto_strettoio_
178437574.jpg,_@pennello_
180032094.jpg,_@accessori_saldatore_
170868241.jpg,_@spazzola_
160890296.jpg,_@spatola_raschietto_
181556452.jpg,_@vernice_
198599739.jpg,_@morsetto_strettoio_
132392030.jpg,_@collare_
174481076.jpg,_@cerniera_bandella_
135117743.jpg,_@estrattore_
197359795.jpg,_@spazzola_
160782064.jpg,_@vernice_
184467271.jpg,_@pinzetta_
180032183.jpg,_@accessori_saldatore_
194410160.jpg,_@morsetto_strettoio_
190741787.jpg,_@chiavistello_
193948081.jpg,_@collare_
179113606.jpg,_@staffa_squadretta_
174505719.jpg,_@estrattore_
198729014.jpg,_@vernice_
178438047.jpg,_@accessori_saldatore_
176022543.jpg,_@staffa_squadretta_
180019755.jpg,_@accessori_saldatore_
200448018.jpg,_@cerniera_bandella_
147155879.jpg,_@spazzola_
197203831.jpg,_@pennello_
153887789.jpg,_@staffa_squadretta_
184427419.jpg,_@staffa_squadretta_
198519086.jpg,_@pennello_
105580994.jpg,_@cazzuola_frattone_
164614322.jpg,_@pinzetta_
162590656.jpg,_@spazzola_
198245108.jpg,_@vernice_
174562347.jpg,_@cerniera_bandella_
201210690.jpg,_@vernice_
132392028.jpg,_@collare_
142084833.jpg,_@chiavistello_
121659423.jpg,_@spazzola_
160788830.jpg,_@chiavistello_
197159814.jpg,_@staffa_squadretta_
200451908.jpg,_@vernice_
154137021.jpg,_@chiavistello_
118635863.jpg,_@cazzuola_frattone_
181556470.jpg,_@vernice_
192158910.jpg,_@cazzuola_frattone_
180019777.jpg,_@accessori_saldatore_
105670247.jpg,_@cazzuola_frattone_
180064100.jpg,_@pinzetta_
180018586.jpg,_@collare_
200453641.jpg,_@vernice_
201394245.jpg,_@pinzetta_
157045911.jpg,_@staffa_squadretta_
198120733.jpg,_@collare_
186859040.jpg,_@staffa_squadretta_
200453428.jpg,_@morsetto_strettoio_
178437567.jpg,_@pennello_
131457350.jpg,_@staffa_squadretta_
128079530.jpg,_@staffa_squadretta_
129359171.jpg,_@spazzola_
134944929.jpg,_@cerniera_bandella_
190728081.jpg,_@vernice_
180082200.jpg,_@spazzola_
200452204.jpg,_@vernice_
200449298.jpg,_@morsetto_strettoio_
201394227.jpg,_@pinzetta_
134425054.jpg,_@staffa_squadretta_
197161360.jpg,_@spazzola_
192653067.jpg,_@bancale_cargo_
201210535.jpg,_@pennello_
173354250.jpg,_@staffa_squadretta_
191532499.jpg,_@accessori_saldatore_
162973762.jpg,_@cerniera_bandella_
174662172.jpg,_@pinzetta_
191675681.jpg,_@pinzetta_
180931809.jpg,_@pinzetta_
180032080.jpg,_@accessori_saldatore_
200447308.jpg,_@cerniera_bandella_
131790332.jpg,_@chiavistello_
180034745.jpg,_@spazzola_
105581009.jpg,_@cazzuola_frattone_
198121755.jpg,_@morsetto_strettoio_
184467229.jpg,_@pinzetta_
171195128.jpg,_@staffa_squadretta_
178437559.jpg,_@pennello_
166013860.jpg,_@pinzetta_
184465890.jpg,_@morsetto_strettoio_
180069966.jpg,_@spatola_raschietto_
171585132.jpg,_@estrattore_
173251229.jpg,_@staffa_squadretta_
168938322.jpg,_@chiodo_rivetto_
184428233.jpg,_@cerniera_bandella_
201210699.jpg,_@vernice_
180043592.jpg,_@morsetto_strettoio_
134506051.jpg,_@staffa_squadretta_
199501987.jpg,_@bancale_cargo_
196323488.jpg,_@spazzola_
199445494.jpg,_@coltello_
197101427.jpg,_@cerniera_bandella_
153999725.jpg,_@chiavistello_
199501509.jpg,_@bancale_cargo_
131639639.jpg,_@accessori_saldatore_
192802866.jpg,_@morsetto_strettoio_
201395012.jpg,_@spazzola_
162494999.jpg,_@chiavistello_
186866455.jpg,_@coltello_
122918201.jpg,_@morsetto_strettoio_
201210702.jpg,_@vernice_
122257336.jpg,_@morsetto_strettoio_
190727893.jpg,_@vernice_
197296569.jpg,_@pennello_
137212890.jpg,_@spatola_raschietto_
192802782.jpg,_@collare_
200449973.jpg,_@spazzola_
132968116.jpg,_@cazzuola_frattone_
164755948.jpg,_@chiodo_rivetto_
129039929.jpg,_@cerniera_bandella_
181041900.jpg,_@spazzola_
190728020.jpg,_@vernice_
200448023.jpg,_@cerniera_bandella_
201210715.jpg,_@vernice_
180931952.jpg,_@estrattore_
168082481.jpg,_@vernice_
122575026.jpg,_@estrattore_
192613483.jpg,_@accessori_saldatore_
199501984.jpg,_@bancale_cargo_
122916374.jpg,_@chiavistello_
105580999.jpg,_@cazzuola_frattone_
134506116.jpg,_@cerniera_bandella_
147835208.jpg,_@bancale_cargo_
192802738.jpg,_@cerniera_bandella_
201210716.jpg,_@vernice_
119304482.jpg,_@pennello_
105580996.jpg,_@cazzuola_frattone_
159665812.jpg,_@coltello_
198120476.jpg,_@cerniera_bandella_
199502947.jpg,_@bancale_cargo_
200447313.jpg,_@cerniera_bandella_
198383297.jpg,_@chiavistello_
174428230.jpg,_@cerniera_bandella_
197294211.jpg,_@chiodo_rivetto_
162495048.jpg,_@cerniera_bandella_
181556459.jpg,_@vernice_
178437569.jpg,_@pennello_
200447646.jpg,_@vernice_
198182451.jpg,_@vernice_
201362473.jpg,_@spazzola_
200447649.jpg,_@vernice_
175588199.jpg,_@chiodo_rivetto_
182349014.jpg,_@chiodo_rivetto_
194403670.jpg,_@staffa_squadretta_
119303953.jpg,_@staffa_squadretta_
196661738.jpg,_@collare_
180019772.jpg,_@accessori_saldatore_
157515165.jpg,_@spazzola_
190728009.jpg,_@vernice_
156774736.jpg,_@staffa_squadretta_
181556483.jpg,_@vernice_
186858113.jpg,_@chiodo_rivetto_
115047085.jpg,_@staffa_squadretta_
181300146.jpg,_@estrattore_
164471386.jpg,_@staffa_squadretta_
198114360.jpg,_@vernice_
194403000.jpg,_@cerniera_bandella_
200447320.jpg,_@cerniera_bandella_
197294319.jpg,_@staffa_squadretta_
184274949.jpg,_@cazzuola_frattone_
160890447.jpg,_@morsetto_strettoio_
200451417.jpg,_@vernice_
192802715.jpg,_@cerniera_bandella_
180032088.jpg,_@accessori_saldatore_
197296886.jpg,_@spazzola_
133126779.jpg,_@morsetto_strettoio_
105670246.jpg,_@cazzuola_frattone_
160785613.jpg,_@cerniera_bandella_
154137025.jpg,_@chiavistello_
180018583.jpg,_@collare_
180084533.jpg,_@spatola_raschietto_
199502335.jpg,_@bancale_cargo_
200451424.jpg,_@vernice_
199501566.jpg,_@bancale_cargo_
194817309.jpg,_@pinzetta_
201497936.jpg,_@estrattore_
175589379.jpg,_@chiodo_rivetto_
175473620.jpg,_@staffa_squadretta_
147834929.jpg,_@bancale_cargo_
186866315.jpg,_@spazzola_
118766757.jpg,_@chiavistello_
175508504.jpg,_@cerniera_bandella_
175473125.jpg,_@spazzola_
200450545.jpg,_@vernice_
164203468.jpg,_@cerniera_bandella_
159665554.jpg,_@cerniera_bandella_
198519091.jpg,_@pennello_
180018608.jpg,_@collare_
124851262.jpg,_@vernice_
164614860.jpg,_@accessori_saldatore_
143549017.jpg,_@cazzuola_frattone_
200451577.jpg,_@vernice_
194647861.jpg,_@staffa_squadretta_
147033461.jpg,_@staffa_squadretta_
180084457.jpg,_@pennello_
192802723.jpg,_@staffa_squadretta_
175853996.jpg,_@chiodo_rivetto_
115052131.jpg,_@pennello_
196335228.jpg,_@staffa_squadretta_
134427210.jpg,_@spazzola_
186711896.jpg,_@spazzola_
197294804.jpg,_@staffa_squadretta_
119303958.jpg,_@staffa_squadretta_
194647948.jpg,_@morsetto_strettoio_
180018603.jpg,_@collare_
198114352.jpg,_@vernice_
179114221.jpg,_@coltello_
122575533.jpg,_@pinzetta_
193296804.jpg,_@cerniera_bandella_
186865329.jpg,_@morsetto_strettoio_
199095667.jpg,_@accessori_saldatore_
182349012.jpg,_@chiodo_rivetto_
180043909.jpg,_@spatola_raschietto_
127672967.jpg,_@pinzetta_
194647863.jpg,_@staffa_squadretta_
200452208.jpg,_@vernice_
175508554.jpg,_@chiavistello_
193947428.jpg,_@collare_
184428247.jpg,_@cerniera_bandella_
160783028.jpg,_@chiavistello_
184470382.jpg,_@staffa_squadretta_
201394230.jpg,_@pinzetta_
124995767.jpg,_@staffa_squadretta_
105581008.jpg,_@cazzuola_frattone_
184438862.jpg,_@accessori_saldatore_
196002174.jpg,_@staffa_squadretta_
201210538.jpg,_@pennello_
168293978.jpg,_@collare_
119198516.jpg,_@cazzuola_frattone_
196638532.jpg,_@cerniera_bandella_
196612719.jpg,_@cerniera_bandella_
172447911.jpg,_@collare_
134282797.jpg,_@estrattore_
201210650.jpg,_@vernice_
123483907.jpg,_@spatola_raschietto_
128080476.jpg,_@cerniera_bandella_
180350334.jpg,_@spazzola_
164203315.jpg,_@chiavistello_
200452206.jpg,_@vernice_
160787375.jpg,_@vernice_
192023075.jpg,_@cerniera_bandella_
200447321.jpg,_@cerniera_bandella_
180081990.jpg,_@spazzola_
131639713.jpg,_@morsetto_strettoio_
175620050.jpg,_@chiodo_rivetto_
197161380.jpg,_@spazzola_
180084536.jpg,_@spatola_raschietto_
186959666.jpg,_@morsetto_strettoio_
201210542.jpg,_@pennello_
200509649.jpg,_@vernice_
180018600.jpg,_@collare_
149298514.jpg,_@pinzetta_
181922227.jpg,_@staffa_squadretta_
170328275.jpg,_@staffa_squadretta_
175588384.jpg,_@cerniera_bandella_
192802867.jpg,_@morsetto_strettoio_
192802789.jpg,_@collare_
197296576.jpg,_@spazzola_
180318034.jpg,_@cerniera_bandella_
196768591.jpg,_@staffa_squadretta_
119306609.jpg,_@accessori_saldatore_
180084463.jpg,_@pennello_
198729037.jpg,_@vernice_
180018566.jpg,_@collare_
192802724.jpg,_@staffa_squadretta_
200674063.jpg,_@morsetto_strettoio_
200451410.jpg,_@vernice_
157515433.jpg,_@morsetto_strettoio_
182092897.jpg,_@chiodo_rivetto_
201210670.jpg,_@vernice_
118768383.jpg,_@spazzola_
187045140.jpg,_@staffa_squadretta_
200452635.jpg,_@vernice_
198729034.jpg,_@vernice_
196532672.jpg,_@morsetto_strettoio_
192802727.jpg,_@staffa_squadretta_
155690753.jpg,_@staffa_squadretta_
123483906.jpg,_@spatola_raschietto_
185437549.jpg,_@cerniera_bandella_
170417520.jpg,_@staffa_squadretta_
186863475.jpg,_@spazzola_
200452210.jpg,_@vernice_
128980277.jpg,_@staffa_squadretta_
175508237.jpg,_@cerniera_bandella_
201210744.jpg,_@vernice_
105580993.jpg,_@cazzuola_frattone_
192803067.jpg,_@pennello_
175588163.jpg,_@chiodo_rivetto_
200447763.jpg,_@vernice_
115060513.jpg,_@coltello_
105175383.jpg,_@coltello_
175620058.jpg,_@chiodo_rivetto_
200451415.jpg,_@vernice_
175588188.jpg,_@chiodo_rivetto_
174431446.jpg,_@pinzetta_
201395022.jpg,_@spazzola_
127672947.jpg,_@pinzetta_
124851268.jpg,_@vernice_
154756021.jpg,_@staffa_squadretta_
137212923.jpg,_@spazzola_
133126777.jpg,_@morsetto_strettoio_
200453662.jpg,_@vernice_
201497364.jpg,_@estrattore_
178257086.jpg,_@pinzetta_
181000468.jpg,_@spatola_raschietto_
179569899.jpg,_@estrattore_
175620075.jpg,_@chiodo_rivetto_
183416149.jpg,_@chiodo_rivetto_
201395004.jpg,_@spatola_raschietto_
198601722.jpg,_@pennello_
162495000.jpg,_@chiavistello_
198519105.jpg,_@pennello_
198182443.jpg,_@vernice_
197465055.jpg,_@cerniera_bandella_
153887780.jpg,_@staffa_squadretta_
201210680.jpg,_@vernice_
157515175.jpg,_@spazzola_
120896212.jpg,_@staffa_squadretta_
127108213.jpg,_@chiavistello_
187663785.jpg,_@coltello_
180034756.jpg,_@spazzola_
199502279.jpg,_@bancale_cargo_
200451150.jpg,_@staffa_squadretta_
192805934.jpg,_@chiodo_rivetto_
131639667.jpg,_@accessori_saldatore_
171247015.jpg,_@coltello_
176083345.jpg,_@cerniera_bandella_
182349708.jpg,_@spatola_raschietto_
115058057.jpg,_@pennello_
193005003.jpg,_@staffa_squadretta_
176025570.jpg,_@spazzola_
196612993.jpg,_@staffa_squadretta_
179115363.jpg,_@spatola_raschietto_
125066170.jpg,_@cerniera_bandella_
180032092.jpg,_@accessori_saldatore_
200452681.jpg,_@staffa_squadretta_
174268784.jpg,_@chiavistello_
198519094.jpg,_@pennello_
198182454.jpg,_@vernice_
200452634.jpg,_@vernice_
127673004.jpg,_@pinzetta_
200451576.jpg,_@vernice_
159227276.jpg,_@cazzuola_frattone_
136400786.jpg,_@accessori_saldatore_
184427301.jpg,_@staffa_squadretta_
199501502.jpg,_@bancale_cargo_
186866057.jpg,_@spatola_raschietto_
200451591.jpg,_@cerniera_bandella_
180064125.jpg,_@pinzetta_
193457659.jpg,_@staffa_squadretta_
198182442.jpg,_@vernice_
167994915.jpg,_@chiodo_rivetto_
186858613.jpg,_@cerniera_bandella_
184462313.jpg,_@coltello_
134425064.jpg,_@staffa_squadretta_
199501545.jpg,_@bancale_cargo_
201210537.jpg,_@pennello_
136400523.jpg,_@accessori_saldatore_
143716727.jpg,_@staffa_squadretta_
166013855.jpg,_@pinzetta_
174481376.jpg,_@staffa_squadretta_
160779761.jpg,_@cerniera_bandella_
200453898.jpg,_@spatola_raschietto_
179115905.jpg,_@staffa_squadretta_
200447751.jpg,_@vernice_
194162517.jpg,_@pinzetta_
192109924.jpg,_@morsetto_strettoio_
201394648.jpg,_@accessori_saldatore_
186866615.jpg,_@accessori_saldatore_
180018581.jpg,_@collare_
144877921.jpg,_@bancale_cargo_
199502325.jpg,_@bancale_cargo_
186866623.jpg,_@accessori_saldatore_
200447746.jpg,_@vernice_
154137109.jpg,_@staffa_squadretta_
190728026.jpg,_@vernice_
157514952.jpg,_@staffa_squadretta_
152902452.jpg,_@chiavistello_
190728025.jpg,_@vernice_
122456356.jpg,_@estrattore_
194647217.jpg,_@spazzola_
184467254.jpg,_@staffa_squadretta_
193004548.jpg,_@cerniera_bandella_
181842785.jpg,_@accessori_saldatore_
155939749.jpg,_@morsetto_strettoio_
176026076.jpg,_@cazzuola_frattone_
178437573.jpg,_@pennello_
201395032.jpg,_@spazzola_
132306935.jpg,_@chiavistello_
199502333.jpg,_@bancale_cargo_
198633859.jpg,_@spatola_raschietto_
172539558.jpg,_@collare_
199502937.jpg,_@bancale_cargo_
196613713.jpg,_@pinzetta_
178260469.jpg,_@staffa_squadretta_
181556440.jpg,_@vernice_
199502972.jpg,_@bancale_cargo_
199502974.jpg,_@bancale_cargo_
180084535.jpg,_@spatola_raschietto_
160782044.jpg,_@collare_
196531110.jpg,_@coltello_
199501858.jpg,_@bancale_cargo_
166578723.jpg,_@staffa_squadretta_
175508398.jpg,_@staffa_squadretta_
181586838.jpg,_@cerniera_bandella_
201395015.jpg,_@spazzola_
198519109.jpg,_@pennello_
124013400.jpg,_@chiavistello_
160779841.jpg,_@chiavistello_
127672962.jpg,_@pinzetta_
192802791.jpg,_@collare_
175509918.jpg,_@chiavistello_
183122421.jpg,_@spazzola_
196775537.jpg,_@morsetto_strettoio_
181556454.jpg,_@vernice_
167729902.jpg,_@pinzetta_
160781949.jpg,_@cerniera_bandella_
181564309.jpg,_@accessori_saldatore_
180064105.jpg,_@pinzetta_
168294087.jpg,_@collare_
155827812.jpg,_@accessori_saldatore_
115058344.jpg,_@spazzola_
144877905.jpg,_@bancale_cargo_
160781952.jpg,_@chiavistello_
174427874.jpg,_@cerniera_bandella_
105581005.jpg,_@cazzuola_frattone_
135392469.jpg,_@cerniera_bandella_
179115841.jpg,_@spazzola_
124996718.jpg,_@coltello_
200449689.jpg,_@spatola_raschietto_
124013640.jpg,_@staffa_squadretta_
180019759.jpg,_@accessori_saldatore_
174481526.jpg,_@staffa_squadretta_
192802790.jpg,_@collare_
200450891.jpg,_@cerniera_bandella_
176873582.jpg,_@coltello_
156909234.jpg,_@staffa_squadretta_
200447501.jpg,_@collare_
167073909.jpg,_@collare_
190811364.jpg,_@estrattore_
136400996.jpg,_@accessori_saldatore_
174564250.jpg,_@pinzetta_
190728023.jpg,_@vernice_
134944920.jpg,_@staffa_squadretta_
197203829.jpg,_@pennello_
127672964.jpg,_@pinzetta_
201290391.jpg,_@morsetto_strettoio_
186300563.jpg,_@staffa_squadretta_
200447437.jpg,_@vernice_
184468183.jpg,_@spazzola_
174481063.jpg,_@cerniera_bandella_
115058697.jpg,_@spatola_raschietto_
160779689.jpg,_@vernice_
147835210.jpg,_@bancale_cargo_
200450897.jpg,_@cerniera_bandella_
175508591.jpg,_@cerniera_bandella_
175508269.jpg,_@cerniera_bandella_
160890411.jpg,_@morsetto_strettoio_
176461152.jpg,_@cazzuola_frattone_
184428281.jpg,_@cerniera_bandella_
198114357.jpg,_@vernice_
186858568.jpg,_@chiavistello_
171478091.jpg,_@cerniera_bandella_
168737283.jpg,_@pinzetta_
198120690.jpg,_@collare_
142085257.jpg,_@spazzola_
180019733.jpg,_@accessori_saldatore_
160787887.jpg,_@collare_
180084605.jpg,_@morsetto_strettoio_
198729028.jpg,_@vernice_
200447986.jpg,_@pennello_
160692200.jpg,_@spazzola_
198519101.jpg,_@pennello_
198121477.jpg,_@staffa_squadretta_
195279394.jpg,_@staffa_squadretta_
184428294.jpg,_@cerniera_bandella_
121917358.jpg,_@morsetto_strettoio_
160781170.jpg,_@morsetto_strettoio_
197294318.jpg,_@staffa_squadretta_
200451043.jpg,_@staffa_squadretta_
175508271.jpg,_@cerniera_bandella_
143640816.jpg,_@morsetto_strettoio_
196612823.jpg,_@staffa_squadretta_
194903123.jpg,_@vernice_
182374152.jpg,_@chiavistello_
198519081.jpg,_@pennello_
200450463.jpg,_@staffa_squadretta_
180043613.jpg,_@morsetto_strettoio_
193071544.jpg,_@estrattore_
134425119.jpg,_@chiavistello_
118768244.jpg,_@morsetto_strettoio_
124060519.jpg,_@staffa_squadretta_
180043576.jpg,_@morsetto_strettoio_
105670242.jpg,_@cazzuola_frattone_
154687853.jpg,_@morsetto_strettoio_
198184628.jpg,_@morsetto_strettoio_
121958687.jpg,_@morsetto_strettoio_
192805925.jpg,_@chiodo_rivetto_
160786437.jpg,_@cerniera_bandella_
175508546.jpg,_@chiavistello_
181556448.jpg,_@vernice_
181041741.jpg,_@accessori_saldatore_
134906006.jpg,_@staffa_squadretta_
134427077.jpg,_@morsetto_strettoio_
181586734.jpg,_@chiodo_rivetto_
167996265.jpg,_@pinzetta_
200451414.jpg,_@vernice_
160182042.jpg,_@accessori_saldatore_
118768493.jpg,_@cazzuola_frattone_
139679006.jpg,_@cazzuola_frattone_
180064106.jpg,_@pinzetta_
180018595.jpg,_@collare_
174427234.jpg,_@chiodo_rivetto_
200447653.jpg,_@vernice_
156925613.jpg,_@vernice_
200447753.jpg,_@vernice_
198729039.jpg,_@vernice_
186866364.jpg,_@spazzola_
197879802.jpg,_@collare_
180317144.jpg,_@chiodo_rivetto_
160781948.jpg,_@cerniera_bandella_
198599457.jpg,_@estrattore_
192802737.jpg,_@cerniera_bandella_
196639028.jpg,_@spazzola_
184428202.jpg,_@cerniera_bandella_
186137731.jpg,_@spatola_raschietto_
163949124.jpg,_@cerniera_bandella_
118658753.jpg,_@spazzola_
145223455.jpg,_@staffa_squadretta_
186858080.jpg,_@chiodo_rivetto_
121659424.jpg,_@spazzola_
162973658.jpg,_@cerniera_bandella_
184428269.jpg,_@chiavistello_
122918193.jpg,_@morsetto_strettoio_
128080054.jpg,_@chiavistello_
199501485.jpg,_@bancale_cargo_
124817341.jpg,_@cerniera_bandella_
162339806.jpg,_@staffa_squadretta_
198182456.jpg,_@vernice_
180018564.jpg,_@collare_
190727999.jpg,_@pennello_
119303951.jpg,_@staffa_squadretta_
155896678.jpg,_@cerniera_bandella_
190728013.jpg,_@vernice_
192805921.jpg,_@chiodo_rivetto_
105581003.jpg,_@cazzuola_frattone_
198729029.jpg,_@vernice_
181556457.jpg,_@vernice_
120451850.jpg,_@spazzola_
176022676.jpg,_@cerniera_bandella_
119303961.jpg,_@staffa_squadretta_
175508510.jpg,_@cerniera_bandella_
183275300.jpg,_@pinzetta_
180999850.jpg,_@staffa_squadretta_
180032089.jpg,_@accessori_saldatore_
160783710.jpg,_@collare_
105581011.jpg,_@cazzuola_frattone_
122189220.jpg,_@cerniera_bandella_
200449301.jpg,_@morsetto_strettoio_
200450623.jpg,_@cerniera_bandella_
180018605.jpg,_@collare_
180032097.jpg,_@accessori_saldatore_
115048479.jpg,_@staffa_squadretta_
142084832.jpg,_@chiavistello_
199501465.jpg,_@bancale_cargo_
160890676.jpg,_@spazzola_
120980298.jpg,_@cerniera_bandella_
199502284.jpg,_@bancale_cargo_
115046900.jpg,_@staffa_squadretta_
179567872.jpg,_@chiodo_rivetto_
174269075.jpg,_@accessori_saldatore_
198182459.jpg,_@vernice_
200447747.jpg,_@vernice_
184274923.jpg,_@pennello_
201394214.jpg,_@pinzetta_
180084700.jpg,_@morsetto_strettoio_
144886727.jpg,_@staffa_squadretta_
179115849.jpg,_@spazzola_
200448847.jpg,_@coltello_
124013233.jpg,_@staffa_squadretta_
176392532.jpg,_@staffa_squadretta_
153383168.jpg,_@cazzuola_frattone_
201496025.jpg,_@estrattore_
197296865.jpg,_@spazzola_
196531080.jpg,_@cerniera_bandella_
155896672.jpg,_@staffa_squadretta_
170108874.jpg,_@cerniera_bandella_
120980552.jpg,_@morsetto_strettoio_
201212217.jpg,_@coltello_
200447655.jpg,_@vernice_
198518890.jpg,_@vernice_
180019890.jpg,_@accessori_saldatore_
122456058.jpg,_@spatola_raschietto_
179568955.jpg,_@staffa_squadretta_
199502976.jpg,_@bancale_cargo_
134589912.jpg,_@spatola_raschietto_
181556432.jpg,_@vernice_
180081979.jpg,_@spazzola_
127672973.jpg,_@pinzetta_
153041657.jpg,_@coltello_
199502949.jpg,_@bancale_cargo_
115060855.jpg,_@morsetto_strettoio_
198519107.jpg,_@pennello_
139746392.jpg,_@spatola_raschietto_
186858098.jpg,_@chiodo_rivetto_
197161178.jpg,_@pennello_
168293860.jpg,_@collare_
190727997.jpg,_@pennello_
180084474.jpg,_@pennello_
161529712.jpg,_@chiavistello_
200453660.jpg,_@vernice_
149298521.jpg,_@pinzetta_
200453654.jpg,_@vernice_
128080064.jpg,_@chiavistello_
200450247.jpg,_@cerniera_bandella_
174481057.jpg,_@cerniera_bandella_
144724110.jpg,_@pinzetta_
124851264.jpg,_@vernice_
155939751.jpg,_@morsetto_strettoio_
128155079.jpg,_@cerniera_bandella_
200447989.jpg,_@pennello_
174662199.jpg,_@estrattore_
200453658.jpg,_@vernice_
164755947.jpg,_@chiodo_rivetto_
184428288.jpg,_@cerniera_bandella_
193457654.jpg,_@staffa_squadretta_
118659636.jpg,_@morsetto_strettoio_
161786056.jpg,_@estrattore_
149298027.jpg,_@accessori_saldatore_
183623321.jpg,_@chiavistello_
201210685.jpg,_@vernice_
201538774.jpg,_@vernice_
184428313.jpg,_@cerniera_bandella_
200451147.jpg,_@staffa_squadretta_
192802872.jpg,_@morsetto_strettoio_
188626348.jpg,_@chiodo_rivetto_
131639662.jpg,_@accessori_saldatore_
181556482.jpg,_@vernice_
197159932.jpg,_@cerniera_bandella_
195574406.jpg,_@accessori_saldatore_
164614436.jpg,_@accessori_saldatore_
193298541.jpg,_@coltello_
168213477.jpg,_@staffa_squadretta_
168737269.jpg,_@pinzetta_
178437563.jpg,_@pennello_
198518597.jpg,_@collare_
178842034.jpg,_@accessori_saldatore_
150899312.jpg,_@cerniera_bandella_
194647957.jpg,_@coltello_
175470395.jpg,_@spazzola_
180018602.jpg,_@collare_
199501528.jpg,_@bancale_cargo_
178438025.jpg,_@accessori_saldatore_
181915821.jpg,_@accessori_saldatore_
180081995.jpg,_@spazzola_
161259481.jpg,_@cerniera_bandella_
182349710.jpg,_@spatola_raschietto_
200450498.jpg,_@chiavistello_
165692567.jpg,_@pinzetta_
174481072.jpg,_@cerniera_bandella_
128930077.jpg,_@staffa_squadretta_
186866215.jpg,_@pennello_
134906037.jpg,_@staffa_squadretta_
200453426.jpg,_@morsetto_strettoio_
149298021.jpg,_@accessori_saldatore_
157543925.jpg,_@cazzuola_frattone_
174430700.jpg,_@pinzetta_
201210743.jpg,_@vernice_
182349709.jpg,_@spatola_raschietto_
180081989.jpg,_@spazzola_
186858094.jpg,_@chiodo_rivetto_
197296866.jpg,_@spazzola_
198600490.jpg,_@chiodo_rivetto_
134907240.jpg,_@cazzuola_frattone_
184469082.jpg,_@spatola_raschietto_
198519098.jpg,_@pennello_
136400778.jpg,_@accessori_saldatore_
198729012.jpg,_@vernice_
199094442.jpg,_@coltello_
123007468.jpg,_@spazzola_
165884069.jpg,_@cerniera_bandella_
180932028.jpg,_@spatola_raschietto_
180043633.jpg,_@morsetto_strettoio_
198729021.jpg,_@vernice_
199420674.jpg,_@spazzola_
180018604.jpg,_@collare_
180068068.jpg,_@spatola_raschietto_
200451592.jpg,_@cerniera_bandella_
174428324.jpg,_@staffa_squadretta_
162973590.jpg,_@staffa_squadretta_
122575183.jpg,_@coltello_
190485874.jpg,_@estrattore_
179690635.jpg,_@chiodo_rivetto_
190810464.jpg,_@staffa_squadretta_
128436536.jpg,_@pinzetta_
199502943.jpg,_@bancale_cargo_
180081978.jpg,_@spazzola_
199094438.jpg,_@coltello_
193457685.jpg,_@staffa_squadretta_
160784524.jpg,_@cerniera_bandella_
200446968.jpg,_@chiodo_rivetto_
201047642.jpg,_@cerniera_bandella_
137877330.jpg,_@morsetto_strettoio_
201394248.jpg,_@pinzetta_
201291233.jpg,_@vernice_
200447754.jpg,_@vernice_
174427884.jpg,_@chiavistello_
186866355.jpg,_@spazzola_
165884250.jpg,_@cerniera_bandella_
153244796.jpg,_@estrattore_
149298509.jpg,_@pinzetta_
179115032.jpg,_@pennello_
200452214.jpg,_@vernice_
180019752.jpg,_@accessori_saldatore_
186866347.jpg,_@spazzola_
164203474.jpg,_@cerniera_bandella_
180064094.jpg,_@pinzetta_
186858345.jpg,_@staffa_squadretta_
128436531.jpg,_@pinzetta_
199501878.jpg,_@bancale_cargo_
122455876.jpg,_@estrattore_
197360025.jpg,_@spazzola_
164954564.jpg,_@coltello_
135509781.jpg,_@staffa_squadretta_
169064649.jpg,_@cazzuola_frattone_
197066162.jpg,_@morsetto_strettoio_
115058933.jpg,_@pinzetta_
200451408.jpg,_@vernice_
197296863.jpg,_@spazzola_
181556464.jpg,_@vernice_
201394213.jpg,_@pinzetta_
180018837.jpg,_@collare_
131457784.jpg,_@morsetto_strettoio_
181564021.jpg,_@accessori_saldatore_
190727890.jpg,_@vernice_
192802803.jpg,_@collare_
194647859.jpg,_@staffa_squadretta_
200449943.jpg,_@spazzola_
162973754.jpg,_@cerniera_bandella_
151788263.jpg,_@staffa_squadretta_
197159926.jpg,_@cerniera_bandella_
115055411.jpg,_@spazzola_
135606682.jpg,_@staffa_squadretta_
160786534.jpg,_@vernice_
192823281.jpg,_@accessori_saldatore_
164701170.jpg,_@staffa_squadretta_
184462323.jpg,_@accessori_saldatore_
184275089.jpg,_@chiavistello_
198729016.jpg,_@vernice_
200451594.jpg,_@cerniera_bandella_
170867422.jpg,_@cerniera_bandella_
149298037.jpg,_@accessori_saldatore_
198601787.jpg,_@pennello_
174909676.jpg,_@pinzetta_
200447982.jpg,_@pennello_
134282708.jpg,_@morsetto_strettoio_
200450571.jpg,_@cerniera_bandella_
165884071.jpg,_@cerniera_bandella_
199501527.jpg,_@bancale_cargo_
174427228.jpg,_@chiodo_rivetto_
166577860.jpg,_@chiodo_rivetto_
185510977.jpg,_@cazzuola_frattone_
175588195.jpg,_@chiodo_rivetto_
175508387.jpg,_@staffa_squadretta_
200446939.jpg,_@chiodo_rivetto_
179567885.jpg,_@chiodo_rivetto_
201210686.jpg,_@vernice_
198120724.jpg,_@collare_
184430810.jpg,_@staffa_squadretta_
198601202.jpg,_@morsetto_strettoio_
160789620.jpg,_@cerniera_bandella_
176083165.jpg,_@chiodo_rivetto_
175473862.jpg,_@pennello_
197159918.jpg,_@cerniera_bandella_
174562351.jpg,_@cerniera_bandella_
186863536.jpg,_@pennello_
189952628.jpg,_@staffa_squadretta_
134506118.jpg,_@staffa_squadretta_
200451412.jpg,_@vernice_
160891026.jpg,_@cazzuola_frattone_
119303963.jpg,_@staffa_squadretta_
152904109.jpg,_@cazzuola_frattone_
176022673.jpg,_@cerniera_bandella_
187663792.jpg,_@coltello_
175736407.jpg,_@morsetto_strettoio_
198518892.jpg,_@vernice_
192784564.jpg,_@spazzola_
153887791.jpg,_@chiavistello_
115056352.jpg,_@spazzola_
127673003.jpg,_@pinzetta_
164614025.jpg,_@morsetto_strettoio_
199502936.jpg,_@bancale_cargo_
137796903.jpg,_@staffa_squadretta_
180064121.jpg,_@pinzetta_
134907227.jpg,_@estrattore_
201394218.jpg,_@pinzetta_
201394217.jpg,_@pinzetta_
168938336.jpg,_@staffa_squadretta_
199501992.jpg,_@bancale_cargo_
115048432.jpg,_@cerniera_bandella_
180043906.jpg,_@spatola_raschietto_
159665844.jpg,_@vernice_
197066149.jpg,_@pennello_
201210689.jpg,_@vernice_
198633873.jpg,_@spazzola_
197042618.jpg,_@vernice_
170226123.jpg,_@staffa_squadretta_
164700971.jpg,_@staffa_squadretta_
180019754.jpg,_@accessori_saldatore_
165654578.jpg,_@staffa_squadretta_
200451619.jpg,_@cerniera_bandella_
136399535.jpg,_@staffa_squadretta_
175508505.jpg,_@cerniera_bandella_
115060566.jpg,_@spatola_raschietto_
192158917.jpg,_@spatola_raschietto_
175854918.jpg,_@pinzetta_
197294120.jpg,_@spazzola_
120426549.jpg,_@morsetto_strettoio_
134506724.jpg,_@spazzola_
198389438.jpg,_@coltello_
135607051.jpg,_@morsetto_strettoio_
192322867.jpg,_@pinzetta_
168082622.jpg,_@collare_
180019846.jpg,_@accessori_saldatore_
180043631.jpg,_@morsetto_strettoio_
201210746.jpg,_@vernice_
160182083.jpg,_@cerniera_bandella_
186858059.jpg,_@chiodo_rivetto_
200453661.jpg,_@vernice_
137662252.jpg,_@pennello_
179115871.jpg,_@spazzola_
115058611.jpg,_@morsetto_strettoio_
192822317.jpg,_@cazzuola_frattone_
197294465.jpg,_@cerniera_bandella_
200447439.jpg,_@vernice_
200451311.jpg,_@vernice_
160788059.jpg,_@vernice_
158493491.jpg,_@morsetto_strettoio_
199008079.jpg,_@spazzola_
187663796.jpg,_@coltello_
177931077.jpg,_@estrattore_
180019782.jpg,_@accessori_saldatore_
131639669.jpg,_@accessori_saldatore_
180932005.jpg,_@cazzuola_frattone_
201174065.jpg,_@morsetto_strettoio_
180932001.jpg,_@cazzuola_frattone_
131457741.jpg,_@morsetto_strettoio_
181885186.jpg,_@vernice_
182062455.jpg,_@staffa_squadretta_
124980157.jpg,_@estrattore_
180064112.jpg,_@pinzetta_
149298517.jpg,_@pinzetta_
187663798.jpg,_@coltello_
199502328.jpg,_@bancale_cargo_
200446967.jpg,_@chiodo_rivetto_
186858095.jpg,_@chiodo_rivetto_
186858061.jpg,_@chiodo_rivetto_
201394231.jpg,_@pinzetta_
143498310.jpg,_@spatola_raschietto_
186866784.jpg,_@pennello_
135117958.jpg,_@pinzetta_
189952653.jpg,_@cerniera_bandella_
175508506.jpg,_@cerniera_bandella_
198518602.jpg,_@collare_
200451624.jpg,_@cerniera_bandella_
115060903.jpg,_@morsetto_strettoio_
199501993.jpg,_@bancale_cargo_
180018591.jpg,_@collare_
180019786.jpg,_@accessori_saldatore_
175508709.jpg,_@staffa_squadretta_
157667717.jpg,_@morsetto_strettoio_
180043615.jpg,_@morsetto_strettoio_
123525847.jpg,_@estrattore_
174427868.jpg,_@cerniera_bandella_
127672876.jpg,_@morsetto_strettoio_
135722585.jpg,_@staffa_squadretta_
184489140.jpg,_@staffa_squadretta_
165134296.jpg,_@morsetto_strettoio_
197296877.jpg,_@spazzola_
180019852.jpg,_@accessori_saldatore_
180679457.jpg,_@estrattore_
175641003.jpg,_@chiodo_rivetto_
199501772.jpg,_@bancale_cargo_
182094103.jpg,_@coltello_
147618454.jpg,_@staffa_squadretta_
190727889.jpg,_@vernice_
198120688.jpg,_@collare_
200447650.jpg,_@vernice_
175620057.jpg,_@chiodo_rivetto_
168593517.jpg,_@staffa_squadretta_
118768485.jpg,_@cazzuola_frattone_
175588187.jpg,_@chiodo_rivetto_
180084539.jpg,_@spatola_raschietto_
157045819.jpg,_@morsetto_strettoio_
151728587.jpg,_@staffa_squadretta_
175589477.jpg,_@chiodo_rivetto_
196612716.jpg,_@chiavistello_
200453924.jpg,_@pennello_
190174753.jpg,_@cazzuola_frattone_
199501875.jpg,_@bancale_cargo_
201047949.jpg,_@coltello_
198120534.jpg,_@collare_
184428381.jpg,_@staffa_squadretta_
197203549.jpg,_@staffa_squadretta_
200509545.jpg,_@morsetto_strettoio_
180018565.jpg,_@collare_
197360022.jpg,_@spazzola_
170328276.jpg,_@staffa_squadretta_
200448022.jpg,_@cerniera_bandella_
124377725.jpg,_@spazzola_
200447310.jpg,_@cerniera_bandella_
195741693.jpg,_@cerniera_bandella_
180081988.jpg,_@spazzola_
198729032.jpg,_@vernice_
164611308.jpg,_@spazzola_
199501491.jpg,_@bancale_cargo_
196613854.jpg,_@pennello_
131457786.jpg,_@morsetto_strettoio_
180064090.jpg,_@pinzetta_
167996066.jpg,_@accessori_saldatore_
192802865.jpg,_@morsetto_strettoio_
198601719.jpg,_@pennello_
199501533.jpg,_@bancale_cargo_
122456367.jpg,_@estrattore_
200452212.jpg,_@vernice_
200447979.jpg,_@pennello_
200452658.jpg,_@staffa_squadretta_
190172922.jpg,_@cerniera_bandella_
197160527.jpg,_@accessori_saldatore_
180064104.jpg,_@pinzetta_
192704450.jpg,_@morsetto_strettoio_
160691900.jpg,_@cerniera_bandella_
138096621.jpg,_@morsetto_strettoio_
134590056.jpg,_@estrattore_
184428246.jpg,_@cerniera_bandella_
115060902.jpg,_@morsetto_strettoio_
196662531.jpg,_@accessori_saldatore_
186858099.jpg,_@chiodo_rivetto_
131639712.jpg,_@morsetto_strettoio_
180019366.jpg,_@accessori_saldatore_
198518603.jpg,_@collare_
194647997.jpg,_@coltello_
127672949.jpg,_@pinzetta_
190895743.jpg,_@accessori_saldatore_
199445492.jpg,_@coltello_
142697642.jpg,_@estrattore_
139547519.jpg,_@spazzola_
180019787.jpg,_@accessori_saldatore_
174619768.jpg,_@pinzetta_
172188284.jpg,_@pinzetta_
154137082.jpg,_@staffa_squadretta_
181586755.jpg,_@chiodo_rivetto_
187862855.jpg,_@chiodo_rivetto_
175472473.jpg,_@spazzola_
134590035.jpg,_@staffa_squadretta_
174505742.jpg,_@pinzetta_
184430805.jpg,_@cerniera_bandella_
197360027.jpg,_@spazzola_
174564248.jpg,_@pinzetta_
133453816.jpg,_@morsetto_strettoio_
173816855.jpg,_@cerniera_bandella_
200447317.jpg,_@cerniera_bandella_
184427276.jpg,_@staffa_squadretta_
162676888.jpg,_@chiavistello_
198633888.jpg,_@cazzuola_frattone_
180148956.jpg,_@morsetto_strettoio_
201210682.jpg,_@vernice_
181300145.jpg,_@estrattore_
196661467.jpg,_@staffa_squadretta_
118766909.jpg,_@staffa_squadretta_
159227275.jpg,_@cazzuola_frattone_
200447645.jpg,_@vernice_
181556453.jpg,_@vernice_
197066006.jpg,_@pennello_
154137099.jpg,_@staffa_squadretta_
194647968.jpg,_@coltello_
200450304.jpg,_@chiodo_rivetto_
157960765.jpg,_@staffa_squadretta_
200453651.jpg,_@vernice_
182349707.jpg,_@spatola_raschietto_
119303960.jpg,_@staffa_squadretta_
160891064.jpg,_@coltello_
124015160.jpg,_@spatola_raschietto_
166577849.jpg,_@chiodo_rivetto_
184439961.jpg,_@spazzola_
200447307.jpg,_@cerniera_bandella_
117147847.jpg,_@morsetto_strettoio_
137710376.jpg,_@accessori_saldatore_
167667300.jpg,_@pinzetta_
129039931.jpg,_@cerniera_bandella_
198547484.jpg,_@coltello_
175588391.jpg,_@cerniera_bandella_
164203306.jpg,_@cerniera_bandella_
180043594.jpg,_@morsetto_strettoio_
134798653.jpg,_@chiavistello_
180034764.jpg,_@spazzola_
127672971.jpg,_@pinzetta_
200447309.jpg,_@cerniera_bandella_
190811425.jpg,_@spatola_raschietto_
164608997.jpg,_@cerniera_bandella_
200447637.jpg,_@vernice_
201210679.jpg,_@vernice_
196661464.jpg,_@staffa_squadretta_
134282834.jpg,_@accessori_saldatore_
157681563.jpg,_@morsetto_strettoio_
134506166.jpg,_@staffa_squadretta_
170931339.jpg,_@staffa_squadretta_
200452637.jpg,_@vernice_
134798682.jpg,_@cerniera_bandella_
136400806.jpg,_@accessori_saldatore_
201210543.jpg,_@pennello_
127108846.jpg,_@coltello_
196846859.jpg,_@staffa_squadretta_
166577895.jpg,_@staffa_squadretta_
186866343.jpg,_@spazzola_
200451400.jpg,_@vernice_
133126771.jpg,_@morsetto_strettoio_
198120687.jpg,_@collare_
198601784.jpg,_@pennello_
171870158.jpg,_@estrattore_
198120726.jpg,_@collare_
201393829.jpg,_@morsetto_strettoio_
192229104.jpg,_@chiavistello_
180317148.jpg,_@chiodo_rivetto_
122629319.jpg,_@cazzuola_frattone_
176084221.jpg,_@spazzola_
118792845.jpg,_@spazzola_
142781523.jpg,_@cerniera_bandella_
201210536.jpg,_@pennello_
192802800.jpg,_@collare_
166013859.jpg,_@pinzetta_
200452936.jpg,_@vernice_
184462342.jpg,_@coltello_
201210643.jpg,_@vernice_
171654228.jpg,_@spazzola_
180018840.jpg,_@collare_
196661735.jpg,_@morsetto_strettoio_
178437565.jpg,_@pennello_
180019781.jpg,_@accessori_saldatore_
183416187.jpg,_@cerniera_bandella_
199501893.jpg,_@bancale_cargo_
198182437.jpg,_@vernice_
180928055.jpg,_@chiavistello_
199094920.jpg,_@pinzetta_
200453894.jpg,_@spatola_raschietto_
171584875.jpg,_@staffa_squadretta_
184428286.jpg,_@cerniera_bandella_
180084469.jpg,_@pennello_
199445489.jpg,_@coltello_
167995039.jpg,_@chiavistello_
199501467.jpg,_@bancale_cargo_
201212277.jpg,_@coltello_
201210539.jpg,_@pennello_
184274618.jpg,_@coltello_
199501462.jpg,_@bancale_cargo_
198601724.jpg,_@pennello_
200452632.jpg,_@vernice_
199094923.jpg,_@pinzetta_
190727897.jpg,_@vernice_
165884251.jpg,_@cerniera_bandella_
166013856.jpg,_@pinzetta_
115060884.jpg,_@morsetto_strettoio_
198120685.jpg,_@collare_
160782887.jpg,_@morsetto_strettoio_
119198429.jpg,_@chiodo_rivetto_
150409409.jpg,_@staffa_squadretta_
174427900.jpg,_@cerniera_bandella_
180018569.jpg,_@collare_
201395014.jpg,_@spazzola_
199502321.jpg,_@bancale_cargo_
190728017.jpg,_@vernice_
172187558.jpg,_@cerniera_bandella_
180019757.jpg,_@accessori_saldatore_
200447441.jpg,_@vernice_
178260539.jpg,_@staffa_squadretta_
180928049.jpg,_@chiavistello_
164203472.jpg,_@cerniera_bandella_
196847000.jpg,_@spazzola_
164614312.jpg,_@pinzetta_
135117591.jpg,_@staffa_squadretta_
197296897.jpg,_@spazzola_
112151599.jpg,_@bancale_cargo_
99965487.jpg,_@vernice_
174486415.jpg,_@pinzetta_
181433777.jpg,_@spazzola_
200453422.jpg,_@morsetto_strettoio_
152904112.jpg,_@cazzuola_frattone_
180043730.jpg,_@morsetto_strettoio_
200850868.jpg,_@estrattore_
134425970.jpg,_@morsetto_strettoio_
185643089.jpg,_@coltello_
199502324.jpg,_@bancale_cargo_
171478090.jpg,_@cerniera_bandella_
196002175.jpg,_@bancale_cargo_
194817323.jpg,_@accessori_saldatore_
186866222.jpg,_@spazzola_
182462850.jpg,_@coltello_
120896216.jpg,_@staffa_squadretta_
181556477.jpg,_@vernice_
176918108.jpg,_@accessori_saldatore_
197296957.jpg,_@cazzuola_frattone_
184273076.jpg,_@cerniera_bandella_
197066031.jpg,_@pennello_
175508560.jpg,_@accessori_saldatore_
179921500.jpg,_@pinzetta_
196613710.jpg,_@pinzetta_
128556464.jpg,_@morsetto_strettoio_
201393827.jpg,_@morsetto_strettoio_
180019753.jpg,_@accessori_saldatore_
164203470.jpg,_@cerniera_bandella_
118658643.jpg,_@spazzola_
184428379.jpg,_@staffa_squadretta_
198518600.jpg,_@collare_
190728028.jpg,_@vernice_
179115848.jpg,_@spazzola_
128079504.jpg,_@staffa_squadretta_
200451416.jpg,_@vernice_
196613698.jpg,_@coltello_
201212144.jpg,_@morsetto_strettoio_
175588147.jpg,_@chiodo_rivetto_
175475467.jpg,_@spazzola_
190728036.jpg,_@vernice_
200448020.jpg,_@cerniera_bandella_
194647218.jpg,_@spazzola_
190174742.jpg,_@estrattore_
194414977.jpg,_@estrattore_
163118154.jpg,_@cerniera_bandella_
200453936.jpg,_@pennello_
180064122.jpg,_@pinzetta_
200453925.jpg,_@pennello_
134944838.jpg,_@staffa_squadretta_
184468133.jpg,_@spazzola_
199501537.jpg,_@bancale_cargo_
164614019.jpg,_@morsetto_strettoio_
200451730.jpg,_@collare_
152904144.jpg,_@cazzuola_frattone_
160779760.jpg,_@cerniera_bandella_
176138308.jpg,_@chiavistello_
200452628.jpg,_@vernice_
198120537.jpg,_@collare_
122917479.jpg,_@morsetto_strettoio_
163601882.jpg,_@cerniera_bandella_
134798639.jpg,_@cerniera_bandella_
156910101.jpg,_@morsetto_strettoio_
194647975.jpg,_@coltello_
198120682.jpg,_@collare_
130988067.jpg,_@spazzola_
123840587.jpg,_@morsetto_strettoio_
128980278.jpg,_@staffa_squadretta_
154065252.jpg,_@staffa_squadretta_
165887286.jpg,_@spazzola_
197160122.jpg,_@staffa_squadretta_
152678279.jpg,_@cerniera_bandella_
199273878.jpg,_@pinzetta_
201394242.jpg,_@pinzetta_
190728079.jpg,_@vernice_
181556444.jpg,_@vernice_
180351014.jpg,_@spazzola_
199501897.jpg,_@bancale_cargo_
162751916.jpg,_@chiavistello_
127673005.jpg,_@spatola_raschietto_
180081991.jpg,_@spazzola_
201394233.jpg,_@pinzetta_
165885328.jpg,_@chiodo_rivetto_
147440459.jpg,_@collare_
198114365.jpg,_@vernice_
198518887.jpg,_@vernice_
156360717.jpg,_@pennello_
120450960.jpg,_@cerniera_bandella_
174427332.jpg,_@staffa_squadretta_
163229446.jpg,_@cazzuola_frattone_
123840742.jpg,_@morsetto_strettoio_
175588156.jpg,_@chiodo_rivetto_
170867911.jpg,_@accessori_saldatore_
180043910.jpg,_@spatola_raschietto_
200453929.jpg,_@pennello_
181556494.jpg,_@vernice_
141366618.jpg,_@vernice_
180064086.jpg,_@pinzetta_
135117795.jpg,_@estrattore_
200453922.jpg,_@pennello_
201394232.jpg,_@pinzetta_
170868035.jpg,_@pinzetta_
197161387.jpg,_@spazzola_
197294472.jpg,_@cerniera_bandella_
198633890.jpg,_@cazzuola_frattone_
115058603.jpg,_@morsetto_strettoio_
197065979.jpg,_@morsetto_strettoio_
201210529.jpg,_@pennello_
180018597.jpg,_@collare_
179569892.jpg,_@estrattore_
135033680.jpg,_@pinzetta_
126778781.jpg,_@cerniera_bandella_
128079532.jpg,_@staffa_squadretta_
200451243.jpg,_@pennello_
196662485.jpg,_@spatola_raschietto_
122018704.jpg,_@spatola_raschietto_
175472911.jpg,_@spazzola_
180069961.jpg,_@spatola_raschietto_
175622107.jpg,_@cazzuola_frattone_
118768526.jpg,_@spazzola_
199501517.jpg,_@bancale_cargo_
192804417.jpg,_@collare_
174427873.jpg,_@cerniera_bandella_
201446580.jpg,_@morsetto_strettoio_
122629139.jpg,_@pinzetta_
182687958.jpg,_@coltello_
184979931.jpg,_@pinzetta_
196768581.jpg,_@staffa_squadretta_
193005400.jpg,_@coltello_
201047667.jpg,_@staffa_squadretta_
198633887.jpg,_@cazzuola_frattone_
199501532.jpg,_@bancale_cargo_
194401922.jpg,_@chiodo_rivetto_
199501466.jpg,_@bancale_cargo_
180043591.jpg,_@morsetto_strettoio_
181556473.jpg,_@vernice_
181556485.jpg,_@vernice_
196439670.jpg,_@staffa_squadretta_
149462070.jpg,_@cerniera_bandella_
186858057.jpg,_@chiodo_rivetto_
198182455.jpg,_@vernice_
128079534.jpg,_@staffa_squadretta_
168213470.jpg,_@cerniera_bandella_
192822150.jpg,_@morsetto_strettoio_
184272100.jpg,_@pinzetta_
170417742.jpg,_@coltello_
175473944.jpg,_@spazzola_
180018590.jpg,_@collare_
178260532.jpg,_@staffa_squadretta_
194809350.jpg,_@coltello_
153382827.jpg,_@spatola_raschietto_
198633876.jpg,_@spazzola_
180020501.jpg,_@staffa_squadretta_
118667505.jpg,_@cazzuola_frattone_
128155190.jpg,_@cerniera_bandella_
201393011.jpg,_@accessori_saldatore_
197817301.jpg,_@coltello_
135510728.jpg,_@morsetto_strettoio_
180043912.jpg,_@spatola_raschietto_
200451413.jpg,_@vernice_
200447502.jpg,_@collare_
105581001.jpg,_@cazzuola_frattone_
132392029.jpg,_@collare_
135509848.jpg,_@cerniera_bandella_
192805935.jpg,_@chiodo_rivetto_
173031053.jpg,_@staffa_squadretta_
200453937.jpg,_@pennello_
180019864.jpg,_@accessori_saldatore_
178437816.jpg,_@spatola_raschietto_
180034744.jpg,_@spazzola_
199501459.jpg,_@bancale_cargo_
171869899.jpg,_@chiavistello_
180019730.jpg,_@accessori_saldatore_
199501474.jpg,_@bancale_cargo_
139845405.jpg,_@cerniera_bandella_
166579203.jpg,_@pinzetta_
176022671.jpg,_@cerniera_bandella_
152903391.jpg,_@accessori_saldatore_
120896220.jpg,_@staffa_squadretta_
196251259.jpg,_@cerniera_bandella_
118604707.jpg,_@morsetto_strettoio_
135509783.jpg,_@staffa_squadretta_
168938357.jpg,_@cerniera_bandella_
200453933.jpg,_@pennello_
160783198.jpg,_@cerniera_bandella_
153887790.jpg,_@chiavistello_
122917523.jpg,_@pinzetta_
190727967.jpg,_@staffa_squadretta_
192891248.jpg,_@vernice_
180850683.jpg,_@accessori_saldatore_
185438057.jpg,_@morsetto_strettoio_
